delete from cpo_query_parameter where query_id = 'bcff9726-c0a8-0103-007c-808d19ebd7b3';
delete from cpo_query where query_id = 'bcff9726-c0a8-0103-007c-808d19ebd7b3';
delete from cpo_query where group_id = 'bcff832c-c0a8-0103-007c-808d70952559';
delete from cpo_query_group where group_id = 'bcff832c-c0a8-0103-007c-808d70952559';
delete from cpo_query_parameter where query_id = 'd32e12a4-0a0e-0045-00ba-6c1319a1de72';
delete from cpo_query where query_id = 'd32e12a4-0a0e-0045-00ba-6c1319a1de72';
delete from cpo_query_parameter where query_id = 'd32c1c74-0a0e-0045-00ba-6c1359304eea';
delete from cpo_query where query_id = 'd32c1c74-0a0e-0045-00ba-6c1359304eea';
delete from cpo_query where group_id = 'd32c0ca6-0a0e-0045-00ba-6c13efc1e520';
delete from cpo_query_group where group_id = 'd32c0ca6-0a0e-0045-00ba-6c13efc1e520';
delete from cpo_query_parameter where query_id = 'd2b224fe-0a0e-0045-00ba-6c133cf4fa7a';
delete from cpo_query where query_id = 'd2b224fe-0a0e-0045-00ba-6c133cf4fa7a';
delete from cpo_query where group_id = 'd2b1e7f5-0a0e-0045-00ba-6c13136edb10';
delete from cpo_query_group where group_id = 'd2b1e7f5-0a0e-0045-00ba-6c13136edb10';
delete from cpo_query_parameter where query_id = 'b07f24d5-0a07-2346-00fb-cb704600a48b';
delete from cpo_query where query_id = 'b07f24d5-0a07-2346-00fb-cb704600a48b';
delete from cpo_query where group_id = 'b07f0cf8-0a07-2346-00fb-cb701d7f186a';
delete from cpo_query_group where group_id = 'b07f0cf8-0a07-2346-00fb-cb701d7f186a';
delete from cpo_query_parameter where query_id = '624ffe33-0a0e-0045-0036-50ed61ed3195';
delete from cpo_query where query_id = '624ffe33-0a0e-0045-0036-50ed61ed3195';
delete from cpo_query where group_id = '624fa5b0-0a0e-0045-0036-50ed119998d6';
delete from cpo_query_group where group_id = '624fa5b0-0a0e-0045-0036-50ed119998d6';
delete from cpo_query_parameter where query_id = '624e5354-0a0e-0045-0036-50ed0e2cc289';
delete from cpo_query where query_id = '624e5354-0a0e-0045-0036-50ed0e2cc289';
delete from cpo_query where group_id = '624df027-0a0e-0045-0036-50ed1d04c8f6';
delete from cpo_query_group where group_id = '624df027-0a0e-0045-0036-50ed1d04c8f6';
delete from cpo_query_parameter where query_id = '6251b40d-0a0e-0045-0036-50ed1c4d6a84';
delete from cpo_query where query_id = '6251b40d-0a0e-0045-0036-50ed1c4d6a84';
delete from cpo_query where group_id = '6251919f-0a0e-0045-0036-50ed1f320768';
delete from cpo_query_group where group_id = '6251919f-0a0e-0045-0036-50ed1f320768';
delete from cpo_query_parameter where query_id = 'f3990886-0a07-2346-010d-4f27f3a16567';
delete from cpo_query where query_id = 'f3990886-0a07-2346-010d-4f27f3a16567';
delete from cpo_query where group_id = 'f398efae-0a07-2346-010d-4f27f58a3f44';
delete from cpo_query_group where group_id = 'f398efae-0a07-2346-010d-4f27f58a3f44';
delete from cpo_query_parameter where query_id = '6ace92a5-0a0e-0043-00e4-d0cd9cba8889';
delete from cpo_query where query_id = '6ace92a5-0a0e-0043-00e4-d0cd9cba8889';
delete from cpo_query where group_id = '6ace813c-0a0e-0043-00e4-d0cdec32bc22';
delete from cpo_query_group where group_id = '6ace813c-0a0e-0043-00e4-d0cdec32bc22';
delete from cpo_query_parameter where query_id = '9b0f7966-0a00-0129-0025-965bdca130ea';
delete from cpo_query where query_id = '9b0f7966-0a00-0129-0025-965bdca130ea';
delete from cpo_query where group_id = '9b0e87dd-0a00-0129-0025-965bdc2cb51d';
delete from cpo_query_group where group_id = '9b0e87dd-0a00-0129-0025-965bdc2cb51d';
delete from cpo_query_parameter where query_id = '9b113bbc-0a00-0129-0025-965be82f233a';
delete from cpo_query where query_id = '9b113bbc-0a00-0129-0025-965be82f233a';
delete from cpo_query where group_id = '9b10e510-0a00-0129-0025-965bc63e5158';
delete from cpo_query_group where group_id = '9b10e510-0a00-0129-0025-965bc63e5158';
delete from cpo_query_parameter where query_id = '9b1311e4-0a00-0129-0025-965b25007bed';
delete from cpo_query where query_id = '9b1311e4-0a00-0129-0025-965b25007bed';
delete from cpo_query where group_id = '9b12b35a-0a00-0129-0025-965b4a771d14';
delete from cpo_query_group where group_id = '9b12b35a-0a00-0129-0025-965b4a771d14';
delete from cpo_query_parameter where query_id = '04a8541c-0a0e-0090-0049-57c7ffebb167';
delete from cpo_query where query_id = '04a8541c-0a0e-0090-0049-57c7ffebb167';
delete from cpo_query where group_id = '04a83022-0a0e-0090-0049-57c7f3284546';
delete from cpo_query_group where group_id = '04a83022-0a0e-0090-0049-57c7f3284546';
delete from cpo_query_parameter where query_id = '04aa5200-0a0e-0090-0049-57c7f2036125';
delete from cpo_query where query_id = '04aa5200-0a0e-0090-0049-57c7f2036125';
delete from cpo_query where group_id = '04aa3721-0a0e-0090-0049-57c7cf24bc3a';
delete from cpo_query_group where group_id = '04aa3721-0a0e-0090-0049-57c7cf24bc3a';
delete from cpo_query_parameter where query_id = '3f487e05-0a0e-0056-00db-ac11d6d53a30';
delete from cpo_query where query_id = '3f487e05-0a0e-0056-00db-ac11d6d53a30';
delete from cpo_query where group_id = '3f484b34-0a0e-0056-00db-ac1164b7f134';
delete from cpo_query_group where group_id = '3f484b34-0a0e-0056-00db-ac1164b7f134';
delete from cpo_query_parameter where query_id = '04969bf0-0a0e-0090-0049-57c72eae809f';
delete from cpo_query where query_id = '04969bf0-0a0e-0090-0049-57c72eae809f';
delete from cpo_query where group_id = '04968c2c-0a0e-0090-0049-57c7d2374cac';
delete from cpo_query_group where group_id = '04968c2c-0a0e-0090-0049-57c7d2374cac';
delete from cpo_query_parameter where query_id = '0493bd9e-0a0e-0090-0049-57c7b588746a';
delete from cpo_query where query_id = '0493bd9e-0a0e-0090-0049-57c7b588746a';
delete from cpo_query where group_id = '0493aca0-0a0e-0090-0049-57c7c658b355';
delete from cpo_query_group where group_id = '0493aca0-0a0e-0090-0049-57c7c658b355';
delete from cpo_query_parameter where query_id = '0492843e-0a0e-0090-0049-57c77cb5633d';
delete from cpo_query where query_id = '0492843e-0a0e-0090-0049-57c77cb5633d';
delete from cpo_query where group_id = '049278db-0a0e-0090-0049-57c7aa799618';
delete from cpo_query_group where group_id = '049278db-0a0e-0090-0049-57c7aa799618';
delete from cpo_query_parameter where query_id = '048f4ca0-0a0e-0090-0049-57c789785362';
delete from cpo_query where query_id = '048f4ca0-0a0e-0090-0049-57c789785362';
delete from cpo_query where group_id = '048f3b5d-0a0e-0090-0049-57c75431bb8f';
delete from cpo_query_group where group_id = '048f3b5d-0a0e-0090-0049-57c75431bb8f';
delete from cpo_query_parameter where query_id = '046a7517-0a0e-0090-0049-57c7ef77f5ab';
delete from cpo_query where query_id = '046a7517-0a0e-0090-0049-57c7ef77f5ab';
delete from cpo_query where group_id = '046a594d-0a0e-0090-0049-57c70aadd01d';
delete from cpo_query_group where group_id = '046a594d-0a0e-0090-0049-57c70aadd01d';
delete from cpo_attribute_map where class_id = 'b079d2fa-0a07-2346-00fb-cb702782dbc4';
delete from cpo_query_group where class_id = 'b079d2fa-0a07-2346-00fb-cb702782dbc4';
delete from cpo_class where class_id = 'b079d2fa-0a07-2346-00fb-cb702782dbc4' or name = 'org.synchronoss.cpo.jdbc.ValueObject';
delete from cpo_query_text where text_id = '046ad592-0a0e-0090-0049-57c7c124b567';
delete from cpo_query_text where text_id = '048f12ab-0a0e-0090-0049-57c769b25986';
delete from cpo_query_text where text_id = '04924cec-0a0e-0090-0049-57c79f28fda1';
delete from cpo_query_text where text_id = '0493643f-0a0e-0090-0049-57c77f3a67ba';
delete from cpo_query_text where text_id = '0495cfd0-0a0e-0090-0049-57c746c0185c';
delete from cpo_query_text where text_id = '3f48061d-0a0e-0056-00db-ac11a92bad99';
delete from cpo_query_text where text_id = '04a9da9a-0a0e-0090-0049-57c7c5cfc23c';
delete from cpo_query_text where text_id = '04a7cf22-0a0e-0090-0049-57c7cb5f60d2';
delete from cpo_query_text where text_id = '9b13059a-0a00-0129-0025-965b3875ed16';
delete from cpo_query_text where text_id = '9b112de3-0a00-0129-0025-965b54eea170';
delete from cpo_query_text where text_id = '9b0f5e3e-0a00-0129-0025-965b394e6319';
delete from cpo_query_text where text_id = '6ace397e-0a0e-0043-00e4-d0cd3e857349';
delete from cpo_query_text where text_id = '6ace397e-0a0e-0043-00e4-d0cd3e857349';
delete from cpo_query_text where text_id = '62515f1c-0a0e-0045-0036-50ed3b568fed';
delete from cpo_query_text where text_id = '624e3572-0a0e-0045-0036-50ed1c27e9f8';
delete from cpo_query_text where text_id = '624f55c4-0a0e-0045-0036-50ed07db4da2';
delete from cpo_query_text where text_id = 'b07ebd5c-0a07-2346-00fb-cb7021f181bf';
delete from cpo_query_text where text_id = 'd2abbeee-0a0e-0045-00ba-6c139775eae1';
delete from cpo_query_text where text_id = 'd329696e-0a0e-0045-00ba-6c13279e1c3e';
delete from cpo_query_text where text_id = 'd329975c-0a0e-0045-00ba-6c1397d6e8c9';
delete from cpo_query_text where text_id = 'bcff2a45-c0a8-0103-007c-808db8d898f5';
insert into cpo_query_text (text_id, sql_text, description) values ('046ad592-0a0e-0090-0049-57c7c124b567','select count(0) from value_object where id = ?','ValueObject - Exists');
update cpo_query_text set sql_text = 'select count(0) from value_object where id = ?', description = 'ValueObject - Exists' where text_id = '046ad592-0a0e-0090-0049-57c7c124b567';
insert into cpo_query_text (text_id, sql_text, description) values ('048f12ab-0a0e-0090-0049-57c769b25986','select * from value_object where id = ?','ValueObject - Retrieve');
update cpo_query_text set sql_text = 'select * from value_object where id = ?', description = 'ValueObject - Retrieve' where text_id = '048f12ab-0a0e-0090-0049-57c769b25986';
insert into cpo_query_text (text_id, sql_text, description) values ('04924cec-0a0e-0090-0049-57c79f28fda1','delete from value_object where id = ?','ValueObject - Delete');
update cpo_query_text set sql_text = 'delete from value_object where id = ?', description = 'ValueObject - Delete' where text_id = '04924cec-0a0e-0090-0049-57c79f28fda1';
insert into cpo_query_text (text_id, sql_text, description) values ('0493643f-0a0e-0090-0049-57c77f3a67ba','select * from value_object','ValueObject - list');
update cpo_query_text set sql_text = 'select * from value_object', description = 'ValueObject - list' where text_id = '0493643f-0a0e-0090-0049-57c77f3a67ba';
insert into cpo_query_text (text_id, sql_text, description) values ('0495cfd0-0a0e-0090-0049-57c746c0185c','insert into value_object(id, attr_char, attr_character, attr_date, attr_decimal, attr_integer, attr_numeric, attr_smallint, attr_timestamp, attr_varchar, attr_bool, attr_datetime) values (?,?,?,?,?,?,?,?,?,?,?,?)','ValueObject - Create');
update cpo_query_text set sql_text = 'insert into value_object(id, attr_char, attr_character, attr_date, attr_decimal, attr_integer, attr_numeric, attr_smallint, attr_timestamp, attr_varchar, attr_bool, attr_datetime) values (?,?,?,?,?,?,?,?,?,?,?,?)', description = 'ValueObject - Create' where text_id = '0495cfd0-0a0e-0090-0049-57c746c0185c';
insert into cpo_query_text (text_id, sql_text, description) values ('3f48061d-0a0e-0056-00db-ac11a92bad99','update value_object set attr_varchar=?','ValueObject - Default Update');
update cpo_query_text set sql_text = 'update value_object set attr_varchar=?', description = 'ValueObject - Default Update' where text_id = '3f48061d-0a0e-0056-00db-ac11a92bad99';
insert into cpo_query_text (text_id, sql_text, description) values ('04a9da9a-0a0e-0090-0049-57c7c5cfc23c','select * from value_object where id = ? for update','ValueObject - SelectForUpdateNoWait');
update cpo_query_text set sql_text = 'select * from value_object where id = ? for update', description = 'ValueObject - SelectForUpdateNoWait' where text_id = '04a9da9a-0a0e-0090-0049-57c7c5cfc23c';
insert into cpo_query_text (text_id, sql_text, description) values ('04a7cf22-0a0e-0090-0049-57c7cb5f60d2','select * from value_object where id = ? for update','ValueObject - SelectForUpdate');
update cpo_query_text set sql_text = 'select * from value_object where id = ? for update', description = 'ValueObject - SelectForUpdate' where text_id = '04a7cf22-0a0e-0090-0049-57c7cb5f60d2';
insert into cpo_query_text (text_id, sql_text, description) values ('9b13059a-0a00-0129-0025-965b3875ed16','select * from value_object for update','ValueObject - SelectForUpdateExistAll');
update cpo_query_text set sql_text = 'select * from value_object for update', description = 'ValueObject - SelectForUpdateExistAll' where text_id = '9b13059a-0a00-0129-0025-965b3875ed16';
insert into cpo_query_text (text_id, sql_text, description) values ('9b112de3-0a00-0129-0025-965b54eea170','select * from value_object where id = ? for update','ValueObject - SelectForUpdateExistSingle');
update cpo_query_text set sql_text = 'select * from value_object where id = ? for update', description = 'ValueObject - SelectForUpdateExistSingle' where text_id = '9b112de3-0a00-0129-0025-965b54eea170';
insert into cpo_query_text (text_id, sql_text, description) values ('9b0f5e3e-0a00-0129-0025-965b394e6319','select * from value_object where id is null for update','ValueObject - SelectForUpdateExistZero');
update cpo_query_text set sql_text = 'select * from value_object where id is null for update', description = 'ValueObject - SelectForUpdateExistZero' where text_id = '9b0f5e3e-0a00-0129-0025-965b394e6319';
insert into cpo_query_text (text_id, sql_text, description) values ('6ace397e-0a0e-0043-00e4-d0cd3e857349','{? = call power(?,?)}','ValueObject - Function test');
update cpo_query_text set sql_text = '{? = call power(?,?)}', description = 'ValueObject - Function test' where text_id = '6ace397e-0a0e-0043-00e4-d0cd3e857349';
insert into cpo_query_text (text_id, sql_text, description) values ('6ace397e-0a0e-0043-00e4-d0cd3e857349','{? = call power(?,?)}','ValueObject - Function test');
update cpo_query_text set sql_text = '{? = call power(?,?)}', description = 'ValueObject - Function test' where text_id = '6ace397e-0a0e-0043-00e4-d0cd3e857349';
insert into cpo_query_text (text_id, sql_text, description) values ('62515f1c-0a0e-0045-0036-50ed3b568fed','delete from value_object where id = ?','TestOrderByDelete');
update cpo_query_text set sql_text = 'delete from value_object where id = ?', description = 'TestOrderByDelete' where text_id = '62515f1c-0a0e-0045-0036-50ed3b568fed';
insert into cpo_query_text (text_id, sql_text, description) values ('624e3572-0a0e-0045-0036-50ed1c27e9f8','insert into value_object (id,attr_varchar,attr_smallint) values (?,?,?)','TestOrderByInsert');
update cpo_query_text set sql_text = 'insert into value_object (id,attr_varchar,attr_smallint) values (?,?,?)', description = 'TestOrderByInsert' where text_id = '624e3572-0a0e-0045-0036-50ed1c27e9f8';
insert into cpo_query_text (text_id, sql_text, description) values ('624f55c4-0a0e-0045-0036-50ed07db4da2','select * from value_object __CPO_ORDERBY__','TestOrderByRetrieve');
update cpo_query_text set sql_text = 'select * from value_object __CPO_ORDERBY__', description = 'TestOrderByRetrieve' where text_id = '624f55c4-0a0e-0045-0036-50ed07db4da2';
insert into cpo_query_text (text_id, sql_text, description) values ('b07ebd5c-0a07-2346-00fb-cb7021f181bf','select * from value_object where id = ?','ValueObject - TestRetrieveObject');
update cpo_query_text set sql_text = 'select * from value_object where id = ?', description = 'ValueObject - TestRetrieveObject' where text_id = 'b07ebd5c-0a07-2346-00fb-cb7021f181bf';
insert into cpo_query_text (text_id, sql_text, description) values ('d2abbeee-0a0e-0045-00ba-6c139775eae1','insert into value_object (id, attr_varchar) values (?,?)','ValueObject - TestRollback');
update cpo_query_text set sql_text = 'insert into value_object (id, attr_varchar) values (?,?)', description = 'ValueObject - TestRollback' where text_id = 'd2abbeee-0a0e-0045-00ba-6c139775eae1';
insert into cpo_query_text (text_id, sql_text, description) values ('d329696e-0a0e-0045-00ba-6c13279e1c3e','insert into value_object (id, attr_varchar) values (2,''test'')','TestSingleRollback1');
update cpo_query_text set sql_text = 'insert into value_object (id, attr_varchar) values (2,''test'')', description = 'TestSingleRollback1' where text_id = 'd329696e-0a0e-0045-00ba-6c13279e1c3e';
insert into cpo_query_text (text_id, sql_text, description) values ('d329975c-0a0e-0045-00ba-6c1397d6e8c9','insert into value_object (id, attr_varchar) values (1,''test'')','TestSingleRollback2');
update cpo_query_text set sql_text = 'insert into value_object (id, attr_varchar) values (1,''test'')', description = 'TestSingleRollback2' where text_id = 'd329975c-0a0e-0045-00ba-6c1397d6e8c9';
insert into cpo_query_text (text_id, sql_text, description) values ('bcff2a45-c0a8-0103-007c-808db8d898f5','select * from value_object __CPO_WHERE__ order by id','Value Object - TestWhereRetrieve');
update cpo_query_text set sql_text = 'select * from value_object __CPO_WHERE__ order by id', description = 'Value Object - TestWhereRetrieve' where text_id = 'bcff2a45-c0a8-0103-007c-808db8d898f5';
insert into cpo_class (class_id, name) values ('b079d2fa-0a07-2346-00fb-cb702782dbc4','org.synchronoss.cpo.jdbc.ValueObject');
insert into cpo_attribute_map (attribute_id, class_id, column_name, attribute, column_type, db_column, db_table,transform_class) values ('04a0cb29-0a0e-0090-0049-57c743ffb250','b079d2fa-0a07-2346-00fb-cb702782dbc4','attr_bool','attrBit','BOOLEAN',null,null,null);
insert into cpo_attribute_map (attribute_id, class_id, column_name, attribute, column_type, db_column, db_table,transform_class) values ('b079d354-0a07-2346-00fb-cb7051c25736','b079d2fa-0a07-2346-00fb-cb702782dbc4','attr_char','attrChar','CHAR','attr_char','value_object',null);
insert into cpo_attribute_map (attribute_id, class_id, column_name, attribute, column_type, db_column, db_table,transform_class) values ('b079d37c-0a07-2346-00fb-cb7075f3f34e','b079d2fa-0a07-2346-00fb-cb702782dbc4','attr_character','attrCharacter','CHAR',null,null,null);
insert into cpo_attribute_map (attribute_id, class_id, column_name, attribute, column_type, db_column, db_table,transform_class) values ('b079d37c-0a07-2346-00fb-cb70670a52a4','b079d2fa-0a07-2346-00fb-cb702782dbc4','attr_date','attrDate','DATE',null,null,null);
insert into cpo_attribute_map (attribute_id, class_id, column_name, attribute, column_type, db_column, db_table,transform_class) values ('9b299ad2-0a00-0129-00de-b1ad7e15b210','b079d2fa-0a07-2346-00fb-cb702782dbc4','attr_datetime','attrDatetime','TIMESTAMP',null,null,null);
insert into cpo_attribute_map (attribute_id, class_id, column_name, attribute, column_type, db_column, db_table,transform_class) values ('b079d386-0a07-2346-00fb-cb709f88f688','b079d2fa-0a07-2346-00fb-cb702782dbc4','attr_decimal','attrDecimal','NUMERIC',null,null,null);
insert into cpo_attribute_map (attribute_id, class_id, column_name, attribute, column_type, db_column, db_table,transform_class) values ('b079d386-0a07-2346-00fb-cb70d1452673','b079d2fa-0a07-2346-00fb-cb702782dbc4','attr_integer','attrInteger','NUMERIC',null,null,'org.synchronoss.cpo.transform.jdbc.TransformNoOp');
insert into cpo_attribute_map (attribute_id, class_id, column_name, attribute, column_type, db_column, db_table,transform_class) values ('b079d386-0a07-2346-00fb-cb708ff4c25f','b079d2fa-0a07-2346-00fb-cb702782dbc4','attr_numeric','attrNumeric','NUMERIC',null,null,null);
insert into cpo_attribute_map (attribute_id, class_id, column_name, attribute, column_type, db_column, db_table,transform_class) values ('b079d386-0a07-2346-00fb-cb701e351cd9','b079d2fa-0a07-2346-00fb-cb702782dbc4','attr_smallint','attrSmallInt','NUMERIC','attr_smallint','value_object',null);
insert into cpo_attribute_map (attribute_id, class_id, column_name, attribute, column_type, db_column, db_table,transform_class) values ('b079d37c-0a07-2346-00fb-cb708d7950f3','b079d2fa-0a07-2346-00fb-cb702782dbc4','attr_timestamp','attrTimestamp','TIMESTAMP',null,null,null);
insert into cpo_attribute_map (attribute_id, class_id, column_name, attribute, column_type, db_column, db_table,transform_class) values ('b079d37c-0a07-2346-00fb-cb70993afd00','b079d2fa-0a07-2346-00fb-cb702782dbc4','attr_varchar','attrVarChar','VARCHAR','attr_varchar','value_object',null);
insert into cpo_attribute_map (attribute_id, class_id, column_name, attribute, column_type, db_column, db_table,transform_class) values ('b079d30e-0a07-2346-00fb-cb70284b51ce','b079d2fa-0a07-2346-00fb-cb702782dbc4','id','id','NUMERIC','id','value_object',null);
insert into cpo_query_group (group_id, class_id, group_type, name) values ('046a594d-0a0e-0090-0049-57c70aadd01d','b079d2fa-0a07-2346-00fb-cb702782dbc4','EXIST',null);
insert into cpo_query (query_id, group_id, text_id, seq_no) values ('046a7517-0a0e-0090-0049-57c7ef77f5ab','046a594d-0a0e-0090-0049-57c70aadd01d','046ad592-0a0e-0090-0049-57c7c124b567','0');
insert into cpo_query_parameter (attribute_id, query_id, seq_no,param_type) values ('b079d30e-0a07-2346-00fb-cb70284b51ce','046a7517-0a0e-0090-0049-57c7ef77f5ab','1','IN');
insert into cpo_query_group (group_id, class_id, group_type, name) values ('048f3b5d-0a0e-0090-0049-57c75431bb8f','b079d2fa-0a07-2346-00fb-cb702782dbc4','RETRIEVE',null);
insert into cpo_query (query_id, group_id, text_id, seq_no) values ('048f4ca0-0a0e-0090-0049-57c789785362','048f3b5d-0a0e-0090-0049-57c75431bb8f','048f12ab-0a0e-0090-0049-57c769b25986','0');
insert into cpo_query_parameter (attribute_id, query_id, seq_no,param_type) values ('b079d30e-0a07-2346-00fb-cb70284b51ce','048f4ca0-0a0e-0090-0049-57c789785362','1','IN');
insert into cpo_query_group (group_id, class_id, group_type, name) values ('049278db-0a0e-0090-0049-57c7aa799618','b079d2fa-0a07-2346-00fb-cb702782dbc4','DELETE',null);
insert into cpo_query (query_id, group_id, text_id, seq_no) values ('0492843e-0a0e-0090-0049-57c77cb5633d','049278db-0a0e-0090-0049-57c7aa799618','04924cec-0a0e-0090-0049-57c79f28fda1','0');
insert into cpo_query_parameter (attribute_id, query_id, seq_no,param_type) values ('b079d30e-0a07-2346-00fb-cb70284b51ce','0492843e-0a0e-0090-0049-57c77cb5633d','1','IN');
insert into cpo_query_group (group_id, class_id, group_type, name) values ('0493aca0-0a0e-0090-0049-57c7c658b355','b079d2fa-0a07-2346-00fb-cb702782dbc4','LIST',null);
insert into cpo_query (query_id, group_id, text_id, seq_no) values ('0493bd9e-0a0e-0090-0049-57c7b588746a','0493aca0-0a0e-0090-0049-57c7c658b355','0493643f-0a0e-0090-0049-57c77f3a67ba','0');
insert into cpo_query_group (group_id, class_id, group_type, name) values ('04968c2c-0a0e-0090-0049-57c7d2374cac','b079d2fa-0a07-2346-00fb-cb702782dbc4','CREATE',null);
insert into cpo_query (query_id, group_id, text_id, seq_no) values ('04969bf0-0a0e-0090-0049-57c72eae809f','04968c2c-0a0e-0090-0049-57c7d2374cac','0495cfd0-0a0e-0090-0049-57c746c0185c','0');
insert into cpo_query_parameter (attribute_id, query_id, seq_no,param_type) values ('b079d30e-0a07-2346-00fb-cb70284b51ce','04969bf0-0a0e-0090-0049-57c72eae809f','1','IN');
insert into cpo_query_parameter (attribute_id, query_id, seq_no,param_type) values ('b079d354-0a07-2346-00fb-cb7051c25736','04969bf0-0a0e-0090-0049-57c72eae809f','2','IN');
insert into cpo_query_parameter (attribute_id, query_id, seq_no,param_type) values ('b079d37c-0a07-2346-00fb-cb7075f3f34e','04969bf0-0a0e-0090-0049-57c72eae809f','3','IN');
insert into cpo_query_parameter (attribute_id, query_id, seq_no,param_type) values ('b079d37c-0a07-2346-00fb-cb70670a52a4','04969bf0-0a0e-0090-0049-57c72eae809f','4','IN');
insert into cpo_query_parameter (attribute_id, query_id, seq_no,param_type) values ('b079d386-0a07-2346-00fb-cb709f88f688','04969bf0-0a0e-0090-0049-57c72eae809f','5','IN');
insert into cpo_query_parameter (attribute_id, query_id, seq_no,param_type) values ('b079d386-0a07-2346-00fb-cb70d1452673','04969bf0-0a0e-0090-0049-57c72eae809f','6','IN');
insert into cpo_query_parameter (attribute_id, query_id, seq_no,param_type) values ('b079d386-0a07-2346-00fb-cb708ff4c25f','04969bf0-0a0e-0090-0049-57c72eae809f','7','IN');
insert into cpo_query_parameter (attribute_id, query_id, seq_no,param_type) values ('b079d386-0a07-2346-00fb-cb701e351cd9','04969bf0-0a0e-0090-0049-57c72eae809f','8','IN');
insert into cpo_query_parameter (attribute_id, query_id, seq_no,param_type) values ('b079d37c-0a07-2346-00fb-cb708d7950f3','04969bf0-0a0e-0090-0049-57c72eae809f','9','IN');
insert into cpo_query_parameter (attribute_id, query_id, seq_no,param_type) values ('b079d37c-0a07-2346-00fb-cb70993afd00','04969bf0-0a0e-0090-0049-57c72eae809f','10','IN');
insert into cpo_query_parameter (attribute_id, query_id, seq_no,param_type) values ('04a0cb29-0a0e-0090-0049-57c743ffb250','04969bf0-0a0e-0090-0049-57c72eae809f','11','IN');
insert into cpo_query_parameter (attribute_id, query_id, seq_no,param_type) values ('9b299ad2-0a00-0129-00de-b1ad7e15b210','04969bf0-0a0e-0090-0049-57c72eae809f','12','IN');
insert into cpo_query_group (group_id, class_id, group_type, name) values ('3f484b34-0a0e-0056-00db-ac1164b7f134','b079d2fa-0a07-2346-00fb-cb702782dbc4','UPDATE',null);
insert into cpo_query (query_id, group_id, text_id, seq_no) values ('3f487e05-0a0e-0056-00db-ac11d6d53a30','3f484b34-0a0e-0056-00db-ac1164b7f134','3f48061d-0a0e-0056-00db-ac11a92bad99','0');
insert into cpo_query_parameter (attribute_id, query_id, seq_no,param_type) values ('b079d37c-0a07-2346-00fb-cb70993afd00','3f487e05-0a0e-0056-00db-ac11d6d53a30','1','IN');
insert into cpo_query_group (group_id, class_id, group_type, name) values ('04aa3721-0a0e-0090-0049-57c7cf24bc3a','b079d2fa-0a07-2346-00fb-cb702782dbc4','RETRIEVE','Select4UpdateNoWait');
insert into cpo_query (query_id, group_id, text_id, seq_no) values ('04aa5200-0a0e-0090-0049-57c7f2036125','04aa3721-0a0e-0090-0049-57c7cf24bc3a','04a9da9a-0a0e-0090-0049-57c7c5cfc23c','0');
insert into cpo_query_parameter (attribute_id, query_id, seq_no,param_type) values ('b079d30e-0a07-2346-00fb-cb70284b51ce','04aa5200-0a0e-0090-0049-57c7f2036125','1','IN');
insert into cpo_query_group (group_id, class_id, group_type, name) values ('04a83022-0a0e-0090-0049-57c7f3284546','b079d2fa-0a07-2346-00fb-cb702782dbc4','RETRIEVE','SelectForUpdate');
insert into cpo_query (query_id, group_id, text_id, seq_no) values ('04a8541c-0a0e-0090-0049-57c7ffebb167','04a83022-0a0e-0090-0049-57c7f3284546','04a7cf22-0a0e-0090-0049-57c7cb5f60d2','0');
insert into cpo_query_parameter (attribute_id, query_id, seq_no,param_type) values ('b079d30e-0a07-2346-00fb-cb70284b51ce','04a8541c-0a0e-0090-0049-57c7ffebb167','1','IN');
insert into cpo_query_group (group_id, class_id, group_type, name) values ('9b12b35a-0a00-0129-0025-965b4a771d14','b079d2fa-0a07-2346-00fb-cb702782dbc4','EXIST','SelectForUpdateExistAll');
insert into cpo_query (query_id, group_id, text_id, seq_no) values ('9b1311e4-0a00-0129-0025-965b25007bed','9b12b35a-0a00-0129-0025-965b4a771d14','9b13059a-0a00-0129-0025-965b3875ed16','0');
insert into cpo_query_group (group_id, class_id, group_type, name) values ('9b10e510-0a00-0129-0025-965bc63e5158','b079d2fa-0a07-2346-00fb-cb702782dbc4','EXIST','SelectForUpdateExistSingle');
insert into cpo_query (query_id, group_id, text_id, seq_no) values ('9b113bbc-0a00-0129-0025-965be82f233a','9b10e510-0a00-0129-0025-965bc63e5158','9b112de3-0a00-0129-0025-965b54eea170','0');
insert into cpo_query_parameter (attribute_id, query_id, seq_no,param_type) values ('b079d30e-0a07-2346-00fb-cb70284b51ce','9b113bbc-0a00-0129-0025-965be82f233a','1','IN');
insert into cpo_query_group (group_id, class_id, group_type, name) values ('9b0e87dd-0a00-0129-0025-965bdc2cb51d','b079d2fa-0a07-2346-00fb-cb702782dbc4','EXIST','SelectForUpdateExistZero');
insert into cpo_query (query_id, group_id, text_id, seq_no) values ('9b0f7966-0a00-0129-0025-965bdca130ea','9b0e87dd-0a00-0129-0025-965bdc2cb51d','9b0f5e3e-0a00-0129-0025-965b394e6319','0');
insert into cpo_query_group (group_id, class_id, group_type, name) values ('6ace813c-0a0e-0043-00e4-d0cdec32bc22','b079d2fa-0a07-2346-00fb-cb702782dbc4','EXECUTE','TestExecuteObject');
insert into cpo_query (query_id, group_id, text_id, seq_no) values ('6ace92a5-0a0e-0043-00e4-d0cd9cba8889','6ace813c-0a0e-0043-00e4-d0cdec32bc22','6ace397e-0a0e-0043-00e4-d0cd3e857349','0');
insert into cpo_query_parameter (attribute_id, query_id, seq_no,param_type) values ('b079d386-0a07-2346-00fb-cb70d1452673','6ace92a5-0a0e-0043-00e4-d0cd9cba8889','1','OUT');
insert into cpo_query_parameter (attribute_id, query_id, seq_no,param_type) values ('b079d386-0a07-2346-00fb-cb70d1452673','6ace92a5-0a0e-0043-00e4-d0cd9cba8889','2','IN');
insert into cpo_query_parameter (attribute_id, query_id, seq_no,param_type) values ('b079d386-0a07-2346-00fb-cb70d1452673','6ace92a5-0a0e-0043-00e4-d0cd9cba8889','3','IN');
insert into cpo_query_group (group_id, class_id, group_type, name) values ('f398efae-0a07-2346-010d-4f27f58a3f44','b079d2fa-0a07-2346-00fb-cb702782dbc4','EXECUTE','TestExecuteObjectNoTransform');
insert into cpo_query (query_id, group_id, text_id, seq_no) values ('f3990886-0a07-2346-010d-4f27f3a16567','f398efae-0a07-2346-010d-4f27f58a3f44','6ace397e-0a0e-0043-00e4-d0cd3e857349','0');
insert into cpo_query_parameter (attribute_id, query_id, seq_no,param_type) values ('b079d386-0a07-2346-00fb-cb701e351cd9','f3990886-0a07-2346-010d-4f27f3a16567','1','OUT');
insert into cpo_query_parameter (attribute_id, query_id, seq_no,param_type) values ('b079d386-0a07-2346-00fb-cb701e351cd9','f3990886-0a07-2346-010d-4f27f3a16567','2','IN');
insert into cpo_query_parameter (attribute_id, query_id, seq_no,param_type) values ('b079d386-0a07-2346-00fb-cb701e351cd9','f3990886-0a07-2346-010d-4f27f3a16567','3','IN');
insert into cpo_query_group (group_id, class_id, group_type, name) values ('6251919f-0a0e-0045-0036-50ed1f320768','b079d2fa-0a07-2346-00fb-cb702782dbc4','DELETE','TestOrderByDelete');
insert into cpo_query (query_id, group_id, text_id, seq_no) values ('6251b40d-0a0e-0045-0036-50ed1c4d6a84','6251919f-0a0e-0045-0036-50ed1f320768','62515f1c-0a0e-0045-0036-50ed3b568fed','0');
insert into cpo_query_parameter (attribute_id, query_id, seq_no,param_type) values ('b079d30e-0a07-2346-00fb-cb70284b51ce','6251b40d-0a0e-0045-0036-50ed1c4d6a84','1','IN');
insert into cpo_query_group (group_id, class_id, group_type, name) values ('624df027-0a0e-0045-0036-50ed1d04c8f6','b079d2fa-0a07-2346-00fb-cb702782dbc4','CREATE','TestOrderByInsert');
insert into cpo_query (query_id, group_id, text_id, seq_no) values ('624e5354-0a0e-0045-0036-50ed0e2cc289','624df027-0a0e-0045-0036-50ed1d04c8f6','624e3572-0a0e-0045-0036-50ed1c27e9f8','0');
insert into cpo_query_parameter (attribute_id, query_id, seq_no,param_type) values ('b079d30e-0a07-2346-00fb-cb70284b51ce','624e5354-0a0e-0045-0036-50ed0e2cc289','1','IN');
insert into cpo_query_parameter (attribute_id, query_id, seq_no,param_type) values ('b079d37c-0a07-2346-00fb-cb70993afd00','624e5354-0a0e-0045-0036-50ed0e2cc289','2','IN');
insert into cpo_query_parameter (attribute_id, query_id, seq_no,param_type) values ('b079d386-0a07-2346-00fb-cb701e351cd9','624e5354-0a0e-0045-0036-50ed0e2cc289','3','IN');
insert into cpo_query_group (group_id, class_id, group_type, name) values ('624fa5b0-0a0e-0045-0036-50ed119998d6','b079d2fa-0a07-2346-00fb-cb702782dbc4','LIST','TestOrderByRetrieve');
insert into cpo_query (query_id, group_id, text_id, seq_no) values ('624ffe33-0a0e-0045-0036-50ed61ed3195','624fa5b0-0a0e-0045-0036-50ed119998d6','624f55c4-0a0e-0045-0036-50ed07db4da2','0');
insert into cpo_query_group (group_id, class_id, group_type, name) values ('b07f0cf8-0a07-2346-00fb-cb701d7f186a','b079d2fa-0a07-2346-00fb-cb702782dbc4','RETRIEVE','TestRetrieveObject');
insert into cpo_query (query_id, group_id, text_id, seq_no) values ('b07f24d5-0a07-2346-00fb-cb704600a48b','b07f0cf8-0a07-2346-00fb-cb701d7f186a','b07ebd5c-0a07-2346-00fb-cb7021f181bf','0');
insert into cpo_query_parameter (attribute_id, query_id, seq_no,param_type) values ('b079d30e-0a07-2346-00fb-cb70284b51ce','b07f24d5-0a07-2346-00fb-cb704600a48b','1','IN');
insert into cpo_query_group (group_id, class_id, group_type, name) values ('d2b1e7f5-0a0e-0045-00ba-6c13136edb10','b079d2fa-0a07-2346-00fb-cb702782dbc4','CREATE','TestRollback');
insert into cpo_query (query_id, group_id, text_id, seq_no) values ('d2b224fe-0a0e-0045-00ba-6c133cf4fa7a','d2b1e7f5-0a0e-0045-00ba-6c13136edb10','d2abbeee-0a0e-0045-00ba-6c139775eae1','0');
insert into cpo_query_parameter (attribute_id, query_id, seq_no,param_type) values ('b079d30e-0a07-2346-00fb-cb70284b51ce','d2b224fe-0a0e-0045-00ba-6c133cf4fa7a','1','IN');
insert into cpo_query_parameter (attribute_id, query_id, seq_no,param_type) values ('b079d37c-0a07-2346-00fb-cb70993afd00','d2b224fe-0a0e-0045-00ba-6c133cf4fa7a','2','IN');
insert into cpo_query_group (group_id, class_id, group_type, name) values ('d32c0ca6-0a0e-0045-00ba-6c13efc1e520','b079d2fa-0a07-2346-00fb-cb702782dbc4','CREATE','TestSingleRollback');
insert into cpo_query (query_id, group_id, text_id, seq_no) values ('d32c1c74-0a0e-0045-00ba-6c1359304eea','d32c0ca6-0a0e-0045-00ba-6c13efc1e520','d329696e-0a0e-0045-00ba-6c13279e1c3e','0');
insert into cpo_query (query_id, group_id, text_id, seq_no) values ('d32e12a4-0a0e-0045-00ba-6c1319a1de72','d32c0ca6-0a0e-0045-00ba-6c13efc1e520','d329975c-0a0e-0045-00ba-6c1397d6e8c9','1');
insert into cpo_query_group (group_id, class_id, group_type, name) values ('bcff832c-c0a8-0103-007c-808d70952559','b079d2fa-0a07-2346-00fb-cb702782dbc4','LIST','TestWhereRetrieve');
insert into cpo_query (query_id, group_id, text_id, seq_no) values ('bcff9726-c0a8-0103-007c-808d19ebd7b3','bcff832c-c0a8-0103-007c-808d70952559','bcff2a45-c0a8-0103-007c-808db8d898f5','0');
