delete from cpo_query_parameter;
delete from cpo_attribute_map;
delete from cpo_query;
delete from cpo_query_text;
delete from cpo_query_group;
delete from cpo_class;
insert into cpo_query_text (text_id, sql_text, description, userid) values ('0cbb9e0e-0a0e-1e64-0c4c-7e106fe6d701','delete from __CPO_TABLE_PREFIX__cpo_attribute_map where attribute_id = ?','CpoAttributeBean - deleteAttribute','dberry');
insert into cpo_query_text (text_id, sql_text, description, userid) values ('0d2e3b1f-0a0e-1e64-0c4c-7e102a5827a8','delete from __CPO_TABLE_PREFIX__cpo_attribute_map where class_id = ?','CpoAttributeBean - deleteAttributesForClass','dberry');
insert into cpo_query_text (text_id, sql_text, description, userid) values ('0cbb7822-0a0e-1e64-0c4c-7e1033536fc5','insert into __CPO_TABLE_PREFIX__cpo_attribute_map (ATTRIBUTE, ATTRIBUTE_ID, CLASS_ID, COLUMN_NAME, COLUMN_TYPE, CREATEDATE, DB_COLUMN, DB_TABLE, TRANSFORM_CLASS, USERID) values (?,?,?,?,?,?,?,?,?,?)','CpoAttributeBean - insertAttribute','dberry');
insert into cpo_query_text (text_id, sql_text, description, userid) values ('0cbbfab7-0a0e-1e64-0c4c-7e103c04ce09','select * from __CPO_TABLE_PREFIX__cpo_attribute_map where attribute_id = ?','CpoAttributeBean - retrieveAttribute','dberry');
insert into cpo_query_text (text_id, sql_text, description, userid) values ('0cc523d7-0a0e-1e64-0c4c-7e10f3d3c3df','select * from __CPO_TABLE_PREFIX__cpo_attribute_map where class_id = ? order by attribute','CpoAttributeBean - retrieveAttributesForClass','dberry');
insert into cpo_query_text (text_id, sql_text, description, userid) values ('0cbbcd3b-0a0e-1e64-0c4c-7e1050fa164a','update __CPO_TABLE_PREFIX__cpo_attribute_map set ATTRIBUTE = ?, COLUMN_NAME = ?, COLUMN_TYPE = ?, DB_COLUMN = ?, DB_TABLE = ?, TRANSFORM_CLASS = ? where ATTRIBUTE_ID=?','CpoAttributeBean - updateAttribute','dberry');
insert into cpo_class (class_id, name, userid) values ('0c995ed7-0a0e-1e64-0c4c-7e10b795aaf9','org.synchronoss.cpo.meta.cpo.CpoAttributeBean','dberry');
insert into cpo_attribute_map (attribute_id, class_id, column_name, attribute, column_type, db_column, db_table,transform_class, userid) values ('0c995ed9-0a0e-1e64-0c4c-7e1086c15cf4','0c995ed7-0a0e-1e64-0c4c-7e10b795aaf9','ATTRIBUTE','attribute','VARCHAR',null,null,null,'dberry');
insert into cpo_attribute_map (attribute_id, class_id, column_name, attribute, column_type, db_column, db_table,transform_class, userid) values ('0c995ed8-0a0e-1e64-0c4c-7e109dd52107','0c995ed7-0a0e-1e64-0c4c-7e10b795aaf9','ATTRIBUTE_ID','attributeId','VARCHAR',null,null,null,'dberry');
insert into cpo_attribute_map (attribute_id, class_id, column_name, attribute, column_type, db_column, db_table,transform_class, userid) values ('0c995ed8-0a0e-1e64-0c4c-7e105fe000bc','0c995ed7-0a0e-1e64-0c4c-7e10b795aaf9','CLASS_ID','classId','VARCHAR',null,null,null,'dberry');
insert into cpo_attribute_map (attribute_id, class_id, column_name, attribute, column_type, db_column, db_table,transform_class, userid) values ('0c995ed9-0a0e-1e64-0c4c-7e10c5e99d37','0c995ed7-0a0e-1e64-0c4c-7e10b795aaf9','COLUMN_NAME','columnName','VARCHAR',null,null,null,'dberry');
insert into cpo_attribute_map (attribute_id, class_id, column_name, attribute, column_type, db_column, db_table,transform_class, userid) values ('0c995ed9-0a0e-1e64-0c4c-7e10c184ac35','0c995ed7-0a0e-1e64-0c4c-7e10b795aaf9','COLUMN_TYPE','columnType','VARCHAR',null,null,null,'dberry');
insert into cpo_attribute_map (attribute_id, class_id, column_name, attribute, column_type, db_column, db_table,transform_class, userid) values ('0c995ed9-0a0e-1e64-0c4c-7e10d0774c62','0c995ed7-0a0e-1e64-0c4c-7e10b795aaf9','CREATEDATE','createdate','DATE',null,null,'org.synchronoss.cpo.transform.jdbc.TransformTimestampToCalendar','dberry');
insert into cpo_attribute_map (attribute_id, class_id, column_name, attribute, column_type, db_column, db_table,transform_class, userid) values ('0c995ed9-0a0e-1e64-0c4c-7e107b79c2f9','0c995ed7-0a0e-1e64-0c4c-7e10b795aaf9','DB_COLUMN','dbColumn','VARCHAR',null,null,null,'dberry');
insert into cpo_attribute_map (attribute_id, class_id, column_name, attribute, column_type, db_column, db_table,transform_class, userid) values ('0c995ed9-0a0e-1e64-0c4c-7e100e0731da','0c995ed7-0a0e-1e64-0c4c-7e10b795aaf9','DB_TABLE','dbTable','VARCHAR',null,null,null,'dberry');
insert into cpo_attribute_map (attribute_id, class_id, column_name, attribute, column_type, db_column, db_table,transform_class, userid) values ('0c995ed9-0a0e-1e64-0c4c-7e1072380505','0c995ed7-0a0e-1e64-0c4c-7e10b795aaf9','TRANSFORM_CLASS','transformClass','VARCHAR',null,null,null,'dberry');
insert into cpo_attribute_map (attribute_id, class_id, column_name, attribute, column_type, db_column, db_table,transform_class, userid) values ('0c995ed9-0a0e-1e64-0c4c-7e10dd87b097','0c995ed7-0a0e-1e64-0c4c-7e10b795aaf9','USERID','userid','VARCHAR',null,null,null,'dberry');
insert into cpo_query_group (group_id, class_id, group_type, name, userid) values ('0cc04c12-0a0e-1e64-0c4c-7e101d99385b','0c995ed7-0a0e-1e64-0c4c-7e10b795aaf9','DELETE','deleteAttribute','dberry');
insert into cpo_query (query_id, group_id, text_id, seq_no, userid) values ('0cc04c13-0a0e-1e64-0c4c-7e10ffb4ec31','0cc04c12-0a0e-1e64-0c4c-7e101d99385b','0cbb9e0e-0a0e-1e64-0c4c-7e106fe6d701','0','dberry');
insert into cpo_query_parameter (attribute_id, query_id, seq_no, param_type, userid) values ('0c995ed8-0a0e-1e64-0c4c-7e109dd52107','0cc04c13-0a0e-1e64-0c4c-7e10ffb4ec31','1','IN','dberry');
insert into cpo_query_group (group_id, class_id, group_type, name, userid) values ('0d2eab42-0a0e-1e64-0c4c-7e1042ae2099','0c995ed7-0a0e-1e64-0c4c-7e10b795aaf9','DELETE','deleteAttributesForClass','dberry');
insert into cpo_query (query_id, group_id, text_id, seq_no, userid) values ('0d2eab43-0a0e-1e64-0c4c-7e10ed4acecc','0d2eab42-0a0e-1e64-0c4c-7e1042ae2099','0d2e3b1f-0a0e-1e64-0c4c-7e102a5827a8','0','dberry');
insert into cpo_query_parameter (attribute_id, query_id, seq_no, param_type, userid) values ('0c995ed8-0a0e-1e64-0c4c-7e105fe000bc','0d2eab43-0a0e-1e64-0c4c-7e10ed4acecc','1','IN','dberry');
insert into cpo_query_group (group_id, class_id, group_type, name, userid) values ('0cbdab0c-0a0e-1e64-0c4c-7e104692a69f','0c995ed7-0a0e-1e64-0c4c-7e10b795aaf9','CREATE','insertAttribute','dberry');
insert into cpo_query (query_id, group_id, text_id, seq_no, userid) values ('0cbdab0d-0a0e-1e64-0c4c-7e10a113520d','0cbdab0c-0a0e-1e64-0c4c-7e104692a69f','0cbb7822-0a0e-1e64-0c4c-7e1033536fc5','0','dberry');
insert into cpo_query_parameter (attribute_id, query_id, seq_no, param_type, userid) values ('0c995ed9-0a0e-1e64-0c4c-7e1086c15cf4','0cbdab0d-0a0e-1e64-0c4c-7e10a113520d','1','IN','dberry');
insert into cpo_query_parameter (attribute_id, query_id, seq_no, param_type, userid) values ('0c995ed8-0a0e-1e64-0c4c-7e109dd52107','0cbdab0d-0a0e-1e64-0c4c-7e10a113520d','2','IN','dberry');
insert into cpo_query_parameter (attribute_id, query_id, seq_no, param_type, userid) values ('0c995ed8-0a0e-1e64-0c4c-7e105fe000bc','0cbdab0d-0a0e-1e64-0c4c-7e10a113520d','3','IN','dberry');
insert into cpo_query_parameter (attribute_id, query_id, seq_no, param_type, userid) values ('0c995ed9-0a0e-1e64-0c4c-7e10c5e99d37','0cbdab0d-0a0e-1e64-0c4c-7e10a113520d','4','IN','dberry');
insert into cpo_query_parameter (attribute_id, query_id, seq_no, param_type, userid) values ('0c995ed9-0a0e-1e64-0c4c-7e10c184ac35','0cbdab0d-0a0e-1e64-0c4c-7e10a113520d','5','IN','dberry');
insert into cpo_query_parameter (attribute_id, query_id, seq_no, param_type, userid) values ('0c995ed9-0a0e-1e64-0c4c-7e10d0774c62','0cbdab0d-0a0e-1e64-0c4c-7e10a113520d','6','IN','dberry');
insert into cpo_query_parameter (attribute_id, query_id, seq_no, param_type, userid) values ('0c995ed9-0a0e-1e64-0c4c-7e107b79c2f9','0cbdab0d-0a0e-1e64-0c4c-7e10a113520d','7','IN','dberry');
insert into cpo_query_parameter (attribute_id, query_id, seq_no, param_type, userid) values ('0c995ed9-0a0e-1e64-0c4c-7e100e0731da','0cbdab0d-0a0e-1e64-0c4c-7e10a113520d','8','IN','dberry');
insert into cpo_query_parameter (attribute_id, query_id, seq_no, param_type, userid) values ('0c995ed9-0a0e-1e64-0c4c-7e1072380505','0cbdab0d-0a0e-1e64-0c4c-7e10a113520d','9','IN','dberry');
insert into cpo_query_parameter (attribute_id, query_id, seq_no, param_type, userid) values ('0c995ed9-0a0e-1e64-0c4c-7e10dd87b097','0cbdab0d-0a0e-1e64-0c4c-7e10a113520d','10','IN','dberry');
insert into cpo_query_group (group_id, class_id, group_type, name, userid) values ('0cc3716e-0a0e-1e64-0c4c-7e1033c69d28','0c995ed7-0a0e-1e64-0c4c-7e10b795aaf9','RETRIEVE','retrieveAttribute','dberry');
insert into cpo_query (query_id, group_id, text_id, seq_no, userid) values ('0cc37170-0a0e-1e64-0c4c-7e101abb442c','0cc3716e-0a0e-1e64-0c4c-7e1033c69d28','0cbbfab7-0a0e-1e64-0c4c-7e103c04ce09','0','dberry');
insert into cpo_query_parameter (attribute_id, query_id, seq_no, param_type, userid) values ('0c995ed9-0a0e-1e64-0c4c-7e1086c15cf4','0cc37170-0a0e-1e64-0c4c-7e101abb442c','1','IN','dberry');
insert into cpo_query_group (group_id, class_id, group_type, name, userid) values ('0d2d44f4-0a0e-1e64-0c4c-7e109e695d4d','0c995ed7-0a0e-1e64-0c4c-7e10b795aaf9','LIST','retrieveAttributesForClass','dberry');
insert into cpo_query (query_id, group_id, text_id, seq_no, userid) values ('0d2d44f5-0a0e-1e64-0c4c-7e1049607840','0d2d44f4-0a0e-1e64-0c4c-7e109e695d4d','0cc523d7-0a0e-1e64-0c4c-7e10f3d3c3df','0','dberry');
insert into cpo_query_parameter (attribute_id, query_id, seq_no, param_type, userid) values ('0c995ed8-0a0e-1e64-0c4c-7e105fe000bc','0d2d44f5-0a0e-1e64-0c4c-7e1049607840','1','IN','dberry');
insert into cpo_query_group (group_id, class_id, group_type, name, userid) values ('0cc19883-0a0e-1e64-0c4c-7e10bf7b9a01','0c995ed7-0a0e-1e64-0c4c-7e10b795aaf9','UPDATE','updateAttribute','dberry');
insert into cpo_query (query_id, group_id, text_id, seq_no, userid) values ('0cc19884-0a0e-1e64-0c4c-7e10c0cb9dce','0cc19883-0a0e-1e64-0c4c-7e10bf7b9a01','0cbbcd3b-0a0e-1e64-0c4c-7e1050fa164a','0','dberry');
insert into cpo_query_parameter (attribute_id, query_id, seq_no, param_type, userid) values ('0c995ed9-0a0e-1e64-0c4c-7e1086c15cf4','0cc19884-0a0e-1e64-0c4c-7e10c0cb9dce','1','IN','dberry');
insert into cpo_query_parameter (attribute_id, query_id, seq_no, param_type, userid) values ('0c995ed9-0a0e-1e64-0c4c-7e10c5e99d37','0cc19884-0a0e-1e64-0c4c-7e10c0cb9dce','2','IN','dberry');
insert into cpo_query_parameter (attribute_id, query_id, seq_no, param_type, userid) values ('0c995ed9-0a0e-1e64-0c4c-7e10c184ac35','0cc19884-0a0e-1e64-0c4c-7e10c0cb9dce','3','IN','dberry');
insert into cpo_query_parameter (attribute_id, query_id, seq_no, param_type, userid) values ('0c995ed9-0a0e-1e64-0c4c-7e107b79c2f9','0cc19884-0a0e-1e64-0c4c-7e10c0cb9dce','4','IN','dberry');
insert into cpo_query_parameter (attribute_id, query_id, seq_no, param_type, userid) values ('0c995ed9-0a0e-1e64-0c4c-7e100e0731da','0cc19884-0a0e-1e64-0c4c-7e10c0cb9dce','5','IN','dberry');
insert into cpo_query_parameter (attribute_id, query_id, seq_no, param_type, userid) values ('0c995ed9-0a0e-1e64-0c4c-7e1072380505','0cc19884-0a0e-1e64-0c4c-7e10c0cb9dce','6','IN','dberry');
insert into cpo_query_parameter (attribute_id, query_id, seq_no, param_type, userid) values ('0c995ed8-0a0e-1e64-0c4c-7e109dd52107','0cc19884-0a0e-1e64-0c4c-7e10c0cb9dce','7','IN','dberry');
insert into cpo_query_text (text_id, sql_text, description, userid) values ('64856174-0a0b-1454-1204-6136326526a8','delete from __CPO_TABLE_PREFIX__cpo_query_parameter where query_id in 
(select cq.query_id from  __CPO_TABLE_PREFIX__cpo_query cq 
join __CPO_TABLE_PREFIX__cpo_query_group cqg on cqg.group_id = cq.group_id
join __CPO_TABLE_PREFIX__cpo_class cc on cc.class_id = cqg.class_id
where class_id = ?)','CpoClassBean - deleteQueryParameters','dberry');
insert into cpo_query_text (text_id, sql_text, description, userid) values ('6484db8c-0a0b-1454-1204-61366a712f55','delete from __CPO_TABLE_PREFIX__cpo_query where group_id in 
(select group_id from  __CPO_TABLE_PREFIX__cpo_query_group where class_id = ?)','CpoClassBean - deleteQueries','dberry');
insert into cpo_query_text (text_id, sql_text, description, userid) values ('6484ac66-0a0b-1454-1204-6136dd92a93d','delete from __CPO_TABLE_PREFIX__cpo_query_group where class_id = ?','CpoClassBean - deleteQueryGroups','dberry');
insert into cpo_query_text (text_id, sql_text, description, userid) values ('6485939d-0a0b-1454-1204-61363199359d','delete from __CPO_TABLE_PREFIX__cpo_attribute_map where class_id = ?','CpoClassBean - deleteAtributes','dberry');
insert into cpo_query_text (text_id, sql_text, description, userid) values ('0cb3def4-0a0e-1e64-0c4c-7e10d1c04a54','delete from __CPO_TABLE_PREFIX__cpo_class where class_id = ?','CpoClassBean - deleteClass','dberry');
insert into cpo_query_text (text_id, sql_text, description, userid) values ('0cb39b94-0a0e-1e64-0c4c-7e10a6b6e0d3','insert into __CPO_TABLE_PREFIX__cpo_class (CLASS_ID, CREATEDATE, NAME, USERID) values (?,?,?,?)','CpoClassBean - insertClass','dberry');
insert into cpo_query_text (text_id, sql_text, description, userid) values ('190341cb-c0a8-0107-72a5-ce92b9f58d6f','select * from __CPO_TABLE_PREFIX__cpo_class order by name','CpoClassBean - retrieveAllClasses','dberry');
insert into cpo_query_text (text_id, sql_text, description, userid) values ('0cb4af01-0a0e-1e64-0c4c-7e10c4bd684d','select * from __CPO_TABLE_PREFIX__cpo_class where class_id = ?','CpoClassBean - retrieveClass','dberry');
insert into cpo_query_text (text_id, sql_text, description, userid) values ('31e1af56-0a0e-1e64-55a5-17bdf9b835e9','select * from __CPO_TABLE_PREFIX__cpo_class where name = ?','CpoClassBean - retrieveClassByName','dberry');
insert into cpo_query_text (text_id, sql_text, description, userid) values ('0cb45d4b-0a0e-1e64-0c4c-7e10160d6565','update __CPO_TABLE_PREFIX__cpo_class set NAME = ? where CLASS_ID = ?','CpoClassBean - updateClass','dberry');
insert into cpo_class (class_id, name, userid) values ('0c8c580c-0a0e-1e64-0c4c-7e105aedd962','org.synchronoss.cpo.meta.cpo.CpoClassBean','dberry');
insert into cpo_attribute_map (attribute_id, class_id, column_name, attribute, column_type, db_column, db_table,transform_class, userid) values ('0c8c5810-0a0e-1e64-0c4c-7e10e93ad9ed','0c8c580c-0a0e-1e64-0c4c-7e105aedd962','CLASS_ID','classId','VARCHAR',null,null,null,'dberry');
insert into cpo_attribute_map (attribute_id, class_id, column_name, attribute, column_type, db_column, db_table,transform_class, userid) values ('0c8c5812-0a0e-1e64-0c4c-7e1099c85ace','0c8c580c-0a0e-1e64-0c4c-7e105aedd962','CREATEDATE','createdate','DATE',null,null,'org.synchronoss.cpo.transform.jdbc.TransformTimestampToCalendar','dberry');
insert into cpo_attribute_map (attribute_id, class_id, column_name, attribute, column_type, db_column, db_table,transform_class, userid) values ('0c8c5811-0a0e-1e64-0c4c-7e1074a29175','0c8c580c-0a0e-1e64-0c4c-7e105aedd962','NAME','name','VARCHAR',null,null,null,'dberry');
insert into cpo_attribute_map (attribute_id, class_id, column_name, attribute, column_type, db_column, db_table,transform_class, userid) values ('0c8c5812-0a0e-1e64-0c4c-7e10e2db15d6','0c8c580c-0a0e-1e64-0c4c-7e105aedd962','USERID','userid','VARCHAR',null,null,null,'dberry');
insert into cpo_query_group (group_id, class_id, group_type, name, userid) values ('0ccb76e9-0a0e-1e64-0c4c-7e1091619d66','0c8c580c-0a0e-1e64-0c4c-7e105aedd962','DELETE','deleteClass','dberry');
insert into cpo_query (query_id, group_id, text_id, seq_no, userid) values ('0ccb76ea-0a0e-1e64-0c4c-7e106887d9c0','0ccb76e9-0a0e-1e64-0c4c-7e1091619d66','64856174-0a0b-1454-1204-6136326526a8','0','dberry');
insert into cpo_query_parameter (attribute_id, query_id, seq_no, param_type, userid) values ('0c8c5810-0a0e-1e64-0c4c-7e10e93ad9ed','0ccb76ea-0a0e-1e64-0c4c-7e106887d9c0','1','IN','dberry');
insert into cpo_query (query_id, group_id, text_id, seq_no, userid) values ('6485bc57-0a0b-1454-1204-61367738f311','0ccb76e9-0a0e-1e64-0c4c-7e1091619d66','6484db8c-0a0b-1454-1204-61366a712f55','1','dberry');
insert into cpo_query_parameter (attribute_id, query_id, seq_no, param_type, userid) values ('0c8c5810-0a0e-1e64-0c4c-7e10e93ad9ed','6485bc57-0a0b-1454-1204-61367738f311','1','IN','dberry');
insert into cpo_query (query_id, group_id, text_id, seq_no, userid) values ('6485d07a-0a0b-1454-1204-6136bd588f22','0ccb76e9-0a0e-1e64-0c4c-7e1091619d66','6484ac66-0a0b-1454-1204-6136dd92a93d','2','dberry');
insert into cpo_query_parameter (attribute_id, query_id, seq_no, param_type, userid) values ('0c8c5810-0a0e-1e64-0c4c-7e10e93ad9ed','6485d07a-0a0b-1454-1204-6136bd588f22','1','IN','dberry');
insert into cpo_query (query_id, group_id, text_id, seq_no, userid) values ('6485efb5-0a0b-1454-1204-6136c74fb247','0ccb76e9-0a0e-1e64-0c4c-7e1091619d66','6485939d-0a0b-1454-1204-61363199359d','3','dberry');
insert into cpo_query_parameter (attribute_id, query_id, seq_no, param_type, userid) values ('0c8c5810-0a0e-1e64-0c4c-7e10e93ad9ed','6485efb5-0a0b-1454-1204-6136c74fb247','1','IN','dberry');
insert into cpo_query (query_id, group_id, text_id, seq_no, userid) values ('6486063e-0a0b-1454-1204-613600eba136','0ccb76e9-0a0e-1e64-0c4c-7e1091619d66','0cb3def4-0a0e-1e64-0c4c-7e10d1c04a54','4','dberry');
insert into cpo_query_parameter (attribute_id, query_id, seq_no, param_type, userid) values ('0c8c5810-0a0e-1e64-0c4c-7e10e93ad9ed','6486063e-0a0b-1454-1204-613600eba136','1','IN','dberry');
insert into cpo_query_group (group_id, class_id, group_type, name, userid) values ('0ccae75d-0a0e-1e64-0c4c-7e1068c89fb6','0c8c580c-0a0e-1e64-0c4c-7e105aedd962','CREATE','insertClass','dberry');
insert into cpo_query (query_id, group_id, text_id, seq_no, userid) values ('0ccae75e-0a0e-1e64-0c4c-7e100d83c83a','0ccae75d-0a0e-1e64-0c4c-7e1068c89fb6','0cb39b94-0a0e-1e64-0c4c-7e10a6b6e0d3','0','dberry');
insert into cpo_query_parameter (attribute_id, query_id, seq_no, param_type, userid) values ('0c8c5810-0a0e-1e64-0c4c-7e10e93ad9ed','0ccae75e-0a0e-1e64-0c4c-7e100d83c83a','1','IN','dberry');
insert into cpo_query_parameter (attribute_id, query_id, seq_no, param_type, userid) values ('0c8c5812-0a0e-1e64-0c4c-7e1099c85ace','0ccae75e-0a0e-1e64-0c4c-7e100d83c83a','2','IN','dberry');
insert into cpo_query_parameter (attribute_id, query_id, seq_no, param_type, userid) values ('0c8c5811-0a0e-1e64-0c4c-7e1074a29175','0ccae75e-0a0e-1e64-0c4c-7e100d83c83a','3','IN','dberry');
insert into cpo_query_parameter (attribute_id, query_id, seq_no, param_type, userid) values ('0c8c5812-0a0e-1e64-0c4c-7e10e2db15d6','0ccae75e-0a0e-1e64-0c4c-7e100d83c83a','4','IN','dberry');
insert into cpo_query_group (group_id, class_id, group_type, name, userid) values ('19037a4d-c0a8-0107-72a5-ce924a3801ed','0c8c580c-0a0e-1e64-0c4c-7e105aedd962','LIST','retrieveAllClasses','dberry');
insert into cpo_query (query_id, group_id, text_id, seq_no, userid) values ('19037a4e-c0a8-0107-72a5-ce92e2e138be','19037a4d-c0a8-0107-72a5-ce924a3801ed','190341cb-c0a8-0107-72a5-ce92b9f58d6f','0','dberry');
insert into cpo_query_group (group_id, class_id, group_type, name, userid) values ('0ccbf5d6-0a0e-1e64-0c4c-7e103ace0466','0c8c580c-0a0e-1e64-0c4c-7e105aedd962','RETRIEVE','retrieveClass','dberry');
insert into cpo_query (query_id, group_id, text_id, seq_no, userid) values ('0ccbf5d7-0a0e-1e64-0c4c-7e10f63b7c3f','0ccbf5d6-0a0e-1e64-0c4c-7e103ace0466','0cb4af01-0a0e-1e64-0c4c-7e10c4bd684d','0','dberry');
insert into cpo_query_parameter (attribute_id, query_id, seq_no, param_type, userid) values ('0c8c5810-0a0e-1e64-0c4c-7e10e93ad9ed','0ccbf5d7-0a0e-1e64-0c4c-7e10f63b7c3f','1','IN','dberry');
insert into cpo_query_group (group_id, class_id, group_type, name, userid) values ('31e1cd72-0a0e-1e64-55a5-17bd1a619d33','0c8c580c-0a0e-1e64-0c4c-7e105aedd962','RETRIEVE','retrieveClassByName','dberry');
insert into cpo_query (query_id, group_id, text_id, seq_no, userid) values ('31e1cd74-0a0e-1e64-55a5-17bd30485418','31e1cd72-0a0e-1e64-55a5-17bd1a619d33','31e1af56-0a0e-1e64-55a5-17bdf9b835e9','0','dberry');
insert into cpo_query_parameter (attribute_id, query_id, seq_no, param_type, userid) values ('0c8c5811-0a0e-1e64-0c4c-7e1074a29175','31e1cd74-0a0e-1e64-55a5-17bd30485418','1','IN','dberry');
insert into cpo_query_group (group_id, class_id, group_type, name, userid) values ('0ccb29f5-0a0e-1e64-0c4c-7e10c9144196','0c8c580c-0a0e-1e64-0c4c-7e105aedd962','UPDATE','updateClass','dberry');
insert into cpo_query (query_id, group_id, text_id, seq_no, userid) values ('0ccb29f6-0a0e-1e64-0c4c-7e1035812928','0ccb29f5-0a0e-1e64-0c4c-7e10c9144196','0cb45d4b-0a0e-1e64-0c4c-7e10160d6565','0','dberry');
insert into cpo_query_parameter (attribute_id, query_id, seq_no, param_type, userid) values ('0c8c5811-0a0e-1e64-0c4c-7e1074a29175','0ccb29f6-0a0e-1e64-0c4c-7e1035812928','1','IN','dberry');
insert into cpo_query_parameter (attribute_id, query_id, seq_no, param_type, userid) values ('0c8c5810-0a0e-1e64-0c4c-7e10e93ad9ed','0ccb29f6-0a0e-1e64-0c4c-7e1035812928','2','IN','dberry');
insert into cpo_query_text (text_id, sql_text, description, userid) values ('0d29129e-0a0e-1e64-0c4c-7e10b61bfba1','delete from __CPO_TABLE_PREFIX__cpo_query where group_id=?','CpoQueryBean - deleteQueriesForGroup','dberry');
insert into cpo_query_text (text_id, sql_text, description, userid) values ('64cf37c6-0a0b-1454-1204-6136eab9b421','delete from __CPO_TABLE_PREFIX__cpo_query_parameter where query_id = ?','CpoQueryBean - deleteQueryParameters','dberry');
insert into cpo_query_text (text_id, sql_text, description, userid) values ('0cb585c4-0a0e-1e64-0c4c-7e10866cacb6','delete from __CPO_TABLE_PREFIX__cpo_query where query_id=?','CpoQueryBean - deleteQuery','dberry');
insert into cpo_query_text (text_id, sql_text, description, userid) values ('0cb53cca-0a0e-1e64-0c4c-7e105b23e19d','insert into __CPO_TABLE_PREFIX__cpo_query (CREATEDATE, GROUP_ID, QUERY_ID, SEQ_NO, STORED_PROC, TEXT_ID, USERID) values (?,?,?,?,?,?,?)','CpoQueryBean - insertQuery','dberry');
insert into cpo_query_text (text_id, sql_text, description, userid) values ('0d258874-0a0e-1e64-0c4c-7e105c21d818','select * from __CPO_TABLE_PREFIX__cpo_query where group_id = ? order by seq_no','CpoQueryBean - retrieveQueriesForGroup','dberry');
insert into cpo_query_text (text_id, sql_text, description, userid) values ('0cb5effa-0a0e-1e64-0c4c-7e10d7d1b35c','select * from __CPO_TABLE_PREFIX__cpo_query where query_id = ?','CpoQueryBean - retrieveQuery','dberry');
insert into cpo_query_text (text_id, sql_text, description, userid) values ('0cb5b46c-0a0e-1e64-0c4c-7e10f12518a4','update __CPO_TABLE_PREFIX__cpo_query set SEQ_NO = ?, STORED_PROC = ?, TEXT_ID = ? where QUERY_ID = ?','CpoQueryBean - updateQuery','dberry');
insert into cpo_class (class_id, name, userid) values ('0c97c7ec-0a0e-1e64-0c4c-7e106c41528b','org.synchronoss.cpo.meta.cpo.CpoQueryBean','dberry');
insert into cpo_attribute_map (attribute_id, class_id, column_name, attribute, column_type, db_column, db_table,transform_class, userid) values ('0c97c7ee-0a0e-1e64-0c4c-7e105c7fc137','0c97c7ec-0a0e-1e64-0c4c-7e106c41528b','CREATEDATE','createdate','DATE',null,null,'org.synchronoss.cpo.transform.jdbc.TransformTimestampToCalendar','dberry');
insert into cpo_attribute_map (attribute_id, class_id, column_name, attribute, column_type, db_column, db_table,transform_class, userid) values ('0c97c7ed-0a0e-1e64-0c4c-7e101c3115c0','0c97c7ec-0a0e-1e64-0c4c-7e106c41528b','GROUP_ID','groupId','VARCHAR',null,null,null,'dberry');
insert into cpo_attribute_map (attribute_id, class_id, column_name, attribute, column_type, db_column, db_table,transform_class, userid) values ('0c97c7ed-0a0e-1e64-0c4c-7e104eb94edd','0c97c7ec-0a0e-1e64-0c4c-7e106c41528b','QUERY_ID','queryId','VARCHAR',null,null,null,'dberry');
insert into cpo_attribute_map (attribute_id, class_id, column_name, attribute, column_type, db_column, db_table,transform_class, userid) values ('0c97c7ee-0a0e-1e64-0c4c-7e10f9a8e890','0c97c7ec-0a0e-1e64-0c4c-7e106c41528b','SEQ_NO','seqNo','INTEGER',null,null,null,'michael');
insert into cpo_attribute_map (attribute_id, class_id, column_name, attribute, column_type, db_column, db_table,transform_class, userid) values ('0c97c7ee-0a0e-1e64-0c4c-7e10eda69ce7','0c97c7ec-0a0e-1e64-0c4c-7e106c41528b','STORED_PROC','storedProc','VARCHAR',null,null,null,'dberry');
insert into cpo_attribute_map (attribute_id, class_id, column_name, attribute, column_type, db_column, db_table,transform_class, userid) values ('0c97c7ed-0a0e-1e64-0c4c-7e103d3f115b','0c97c7ec-0a0e-1e64-0c4c-7e106c41528b','TEXT_ID','textId','VARCHAR',null,null,null,'dberry');
insert into cpo_attribute_map (attribute_id, class_id, column_name, attribute, column_type, db_column, db_table,transform_class, userid) values ('0c97c7ee-0a0e-1e64-0c4c-7e10f878db5d','0c97c7ec-0a0e-1e64-0c4c-7e106c41528b','USERID','userid','VARCHAR',null,null,null,'dberry');
insert into cpo_query_group (group_id, class_id, group_type, name, userid) values ('0d2953e8-0a0e-1e64-0c4c-7e10f4b16346','0c97c7ec-0a0e-1e64-0c4c-7e106c41528b','DELETE','deleteQueriesForGroup','dberry');
insert into cpo_query (query_id, group_id, text_id, seq_no, userid) values ('0d2953e9-0a0e-1e64-0c4c-7e10ecc9092e','0d2953e8-0a0e-1e64-0c4c-7e10f4b16346','0d29129e-0a0e-1e64-0c4c-7e10b61bfba1','0','dberry');
insert into cpo_query_parameter (attribute_id, query_id, seq_no, param_type, userid) values ('0c97c7ed-0a0e-1e64-0c4c-7e101c3115c0','0d2953e9-0a0e-1e64-0c4c-7e10ecc9092e','1','IN','dberry');
insert into cpo_query_group (group_id, class_id, group_type, name, userid) values ('0d22e4f4-0a0e-1e64-0c4c-7e10fbb81d98','0c97c7ec-0a0e-1e64-0c4c-7e106c41528b','DELETE','deleteQuery','dberry');
insert into cpo_query (query_id, group_id, text_id, seq_no, userid) values ('0d22e4f5-0a0e-1e64-0c4c-7e101bb00545','0d22e4f4-0a0e-1e64-0c4c-7e10fbb81d98','64cf37c6-0a0b-1454-1204-6136eab9b421','0','dberry');
insert into cpo_query_parameter (attribute_id, query_id, seq_no, param_type, userid) values ('0c97c7ed-0a0e-1e64-0c4c-7e104eb94edd','0d22e4f5-0a0e-1e64-0c4c-7e101bb00545','1','IN','dberry');
insert into cpo_query (query_id, group_id, text_id, seq_no, userid) values ('64cf6e6d-0a0b-1454-1204-6136112adca7','0d22e4f4-0a0e-1e64-0c4c-7e10fbb81d98','0cb585c4-0a0e-1e64-0c4c-7e10866cacb6','1','dberry');
insert into cpo_query_parameter (attribute_id, query_id, seq_no, param_type, userid) values ('0c97c7ed-0a0e-1e64-0c4c-7e104eb94edd','64cf6e6d-0a0b-1454-1204-6136112adca7','1','IN','dberry');
insert into cpo_query_group (group_id, class_id, group_type, name, userid) values ('0d22a58d-0a0e-1e64-0c4c-7e10a2fbb383','0c97c7ec-0a0e-1e64-0c4c-7e106c41528b','CREATE','insertQuery','dberry');
insert into cpo_query (query_id, group_id, text_id, seq_no, userid) values ('0d22a58e-0a0e-1e64-0c4c-7e10800f2695','0d22a58d-0a0e-1e64-0c4c-7e10a2fbb383','0cb53cca-0a0e-1e64-0c4c-7e105b23e19d','0','dberry');
insert into cpo_query_parameter (attribute_id, query_id, seq_no, param_type, userid) values ('0c97c7ee-0a0e-1e64-0c4c-7e105c7fc137','0d22a58e-0a0e-1e64-0c4c-7e10800f2695','1','IN','dberry');
insert into cpo_query_parameter (attribute_id, query_id, seq_no, param_type, userid) values ('0c97c7ed-0a0e-1e64-0c4c-7e101c3115c0','0d22a58e-0a0e-1e64-0c4c-7e10800f2695','2','IN','dberry');
insert into cpo_query_parameter (attribute_id, query_id, seq_no, param_type, userid) values ('0c97c7ed-0a0e-1e64-0c4c-7e104eb94edd','0d22a58e-0a0e-1e64-0c4c-7e10800f2695','3','IN','dberry');
insert into cpo_query_parameter (attribute_id, query_id, seq_no, param_type, userid) values ('0c97c7ee-0a0e-1e64-0c4c-7e10f9a8e890','0d22a58e-0a0e-1e64-0c4c-7e10800f2695','4','IN','dberry');
insert into cpo_query_parameter (attribute_id, query_id, seq_no, param_type, userid) values ('0c97c7ee-0a0e-1e64-0c4c-7e10eda69ce7','0d22a58e-0a0e-1e64-0c4c-7e10800f2695','5','IN','dberry');
insert into cpo_query_parameter (attribute_id, query_id, seq_no, param_type, userid) values ('0c97c7ed-0a0e-1e64-0c4c-7e103d3f115b','0d22a58e-0a0e-1e64-0c4c-7e10800f2695','6','IN','dberry');
insert into cpo_query_parameter (attribute_id, query_id, seq_no, param_type, userid) values ('0c97c7ee-0a0e-1e64-0c4c-7e10f878db5d','0d22a58e-0a0e-1e64-0c4c-7e10800f2695','7','IN','dberry');
insert into cpo_query_group (group_id, class_id, group_type, name, userid) values ('0d2456dc-0a0e-1e64-0c4c-7e10d44594e4','0c97c7ec-0a0e-1e64-0c4c-7e106c41528b','LIST','retrieveQueriesForGroup','dberry');
insert into cpo_query (query_id, group_id, text_id, seq_no, userid) values ('0d2456dd-0a0e-1e64-0c4c-7e100bb5c08d','0d2456dc-0a0e-1e64-0c4c-7e10d44594e4','0d258874-0a0e-1e64-0c4c-7e105c21d818','0','dberry');
insert into cpo_query_parameter (attribute_id, query_id, seq_no, param_type, userid) values ('0c97c7ed-0a0e-1e64-0c4c-7e101c3115c0','0d2456dd-0a0e-1e64-0c4c-7e100bb5c08d','1','IN','dberry');
insert into cpo_query_group (group_id, class_id, group_type, name, userid) values ('0d23758a-0a0e-1e64-0c4c-7e1079366ecf','0c97c7ec-0a0e-1e64-0c4c-7e106c41528b','RETRIEVE','retrieveQuery','dberry');
insert into cpo_query (query_id, group_id, text_id, seq_no, userid) values ('0d23758b-0a0e-1e64-0c4c-7e10c2b63a60','0d23758a-0a0e-1e64-0c4c-7e1079366ecf','0cb5effa-0a0e-1e64-0c4c-7e10d7d1b35c','0','dberry');
insert into cpo_query_parameter (attribute_id, query_id, seq_no, param_type, userid) values ('0c97c7ed-0a0e-1e64-0c4c-7e104eb94edd','0d23758b-0a0e-1e64-0c4c-7e10c2b63a60','1','IN','dberry');
insert into cpo_query_group (group_id, class_id, group_type, name, userid) values ('0d23264e-0a0e-1e64-0c4c-7e109ebaf923','0c97c7ec-0a0e-1e64-0c4c-7e106c41528b','UPDATE','updateQuery','dberry');
insert into cpo_query (query_id, group_id, text_id, seq_no, userid) values ('0d23264f-0a0e-1e64-0c4c-7e104e77f64d','0d23264e-0a0e-1e64-0c4c-7e109ebaf923','0cb5b46c-0a0e-1e64-0c4c-7e10f12518a4','0','dberry');
insert into cpo_query_parameter (attribute_id, query_id, seq_no, param_type, userid) values ('0c97c7ee-0a0e-1e64-0c4c-7e10f9a8e890','0d23264f-0a0e-1e64-0c4c-7e104e77f64d','1','IN','dberry');
insert into cpo_query_parameter (attribute_id, query_id, seq_no, param_type, userid) values ('0c97c7ee-0a0e-1e64-0c4c-7e10eda69ce7','0d23264f-0a0e-1e64-0c4c-7e104e77f64d','2','IN','dberry');
insert into cpo_query_parameter (attribute_id, query_id, seq_no, param_type, userid) values ('0c97c7ed-0a0e-1e64-0c4c-7e103d3f115b','0d23264f-0a0e-1e64-0c4c-7e104e77f64d','3','IN','dberry');
insert into cpo_query_parameter (attribute_id, query_id, seq_no, param_type, userid) values ('0c97c7ed-0a0e-1e64-0c4c-7e104eb94edd','0d23264f-0a0e-1e64-0c4c-7e104e77f64d','4','IN','dberry');
insert into cpo_query_text (text_id, sql_text, description, userid) values ('64c88148-0a0b-1454-1204-6136334fb4e2','delete from __CPO_TABLE_PREFIX__cpo_query_parameter where query_id in 
(select query_id from  __CPO_TABLE_PREFIX__cpo_query where group_id = ?)','CpoQueryGroupBean - deleteQueryParameters','dberry');
insert into cpo_query_text (text_id, sql_text, description, userid) values ('64c813e2-0a0b-1454-1204-6136b16f9e9e','delete from __CPO_TABLE_PREFIX__cpo_query where group_id = ?','CpoQueryGroupBean - deleteQueries','dberry');
insert into cpo_query_text (text_id, sql_text, description, userid) values ('0cb7ebd3-0a0e-1e64-0c4c-7e10cfc8bbac','delete from __CPO_TABLE_PREFIX__cpo_query_group where group_id = ?','CpoQueryGroupBean - deleteQueryGroup','dberry');
insert into cpo_query_text (text_id, sql_text, description, userid) values ('0d3022a4-0a0e-1e64-0c4c-7e10b8cf7106','delete from __CPO_TABLE_PREFIX__cpo_query_group where class_id = ?','CpoQueryGroupBean -  deleteQueryGroupsForClass','dberry');
insert into cpo_query_text (text_id, sql_text, description, userid) values ('0cb7c308-0a0e-1e64-0c4c-7e105da804c3','insert into __CPO_TABLE_PREFIX__cpo_query_group (CLASS_ID, CREATEDATE, GROUP_ID, GROUP_TYPE, NAME, USERID) values (?,?,?,?,?,?)','CpoQueryGroupBean - insertQueryGroup','dberry');
insert into cpo_query_text (text_id, sql_text, description, userid) values ('0cb852b6-0a0e-1e64-0c4c-7e105b5e34d9','select * from __CPO_TABLE_PREFIX__cpo_query_group where group_id = ?','CpoQueryGroupBean - retrieveQueryGroup','dberry');
insert into cpo_query_text (text_id, sql_text, description, userid) values ('2b5f0f62-0a06-083b-3e19-d688d32afb52','select group_id, class_id, group_type, name, userid, createdate from __CPO_TABLE_PREFIX__cpo_query_group where group_id in (select group_id from __CPO_TABLE_PREFIX__cpo_query where text_id = ?) order by name, group_type, group_id','retrieveQueryGroupsByText','michael');
insert into cpo_query_text (text_id, sql_text, description, userid) values ('0d3b8d13-0a0e-1e64-0c4c-7e10fc876028','select * from __CPO_TABLE_PREFIX__cpo_query_group where class_id = ? order by name','CpoQueryGroupBean - retrieveQueryGroupsForClass','dberry');
insert into cpo_query_text (text_id, sql_text, description, userid) values ('0cb8195f-0a0e-1e64-0c4c-7e10487af17e','update __CPO_TABLE_PREFIX__cpo_query_group set GROUP_TYPE = ?, NAME = ? where GROUP_ID = ?','CpoQueryGroupBean - updateQueryGroup','dberry');
insert into cpo_class (class_id, name, userid) values ('0c9080e5-0a0e-1e64-0c4c-7e10f44c80a0','org.synchronoss.cpo.meta.cpo.CpoQueryGroupBean','dberry');
insert into cpo_attribute_map (attribute_id, class_id, column_name, attribute, column_type, db_column, db_table,transform_class, userid) values ('0c9080e6-0a0e-1e64-0c4c-7e108e60d248','0c9080e5-0a0e-1e64-0c4c-7e10f44c80a0','CLASS_ID','classId','VARCHAR',null,null,'','dberry');
insert into cpo_attribute_map (attribute_id, class_id, column_name, attribute, column_type, db_column, db_table,transform_class, userid) values ('0c9080e7-0a0e-1e64-0c4c-7e1073930e76','0c9080e5-0a0e-1e64-0c4c-7e10f44c80a0','CREATEDATE','createdate','DATE',null,null,'org.synchronoss.cpo.transform.jdbc.TransformTimestampToCalendar','dberry');
insert into cpo_attribute_map (attribute_id, class_id, column_name, attribute, column_type, db_column, db_table,transform_class, userid) values ('0c9080e6-0a0e-1e64-0c4c-7e1086d19cff','0c9080e5-0a0e-1e64-0c4c-7e10f44c80a0','GROUP_ID','groupId','VARCHAR',null,null,null,'dberry');
insert into cpo_attribute_map (attribute_id, class_id, column_name, attribute, column_type, db_column, db_table,transform_class, userid) values ('0c9080e7-0a0e-1e64-0c4c-7e1060ee83f0','0c9080e5-0a0e-1e64-0c4c-7e10f44c80a0','GROUP_TYPE','groupType','VARCHAR',null,null,null,'dberry');
insert into cpo_attribute_map (attribute_id, class_id, column_name, attribute, column_type, db_column, db_table,transform_class, userid) values ('0c9080e7-0a0e-1e64-0c4c-7e10bb10758e','0c9080e5-0a0e-1e64-0c4c-7e10f44c80a0','NAME','name','VARCHAR',null,null,null,'dberry');
insert into cpo_attribute_map (attribute_id, class_id, column_name, attribute, column_type, db_column, db_table,transform_class, userid) values ('0c9080e7-0a0e-1e64-0c4c-7e106857652d','0c9080e5-0a0e-1e64-0c4c-7e10f44c80a0','USERID','userid','VARCHAR',null,null,null,'dberry');
insert into cpo_query_group (group_id, class_id, group_type, name, userid) values ('0d318935-0a0e-1e64-0c4c-7e107ad2891d','0c9080e5-0a0e-1e64-0c4c-7e10f44c80a0','DELETE','deleteQueryGroup','dberry');
insert into cpo_query (query_id, group_id, text_id, seq_no, userid) values ('0d318935-0a0e-1e64-0c4c-7e1067fc3b8a','0d318935-0a0e-1e64-0c4c-7e107ad2891d','64c88148-0a0b-1454-1204-6136334fb4e2','0','dberry');
insert into cpo_query_parameter (attribute_id, query_id, seq_no, param_type, userid) values ('0c9080e6-0a0e-1e64-0c4c-7e1086d19cff','0d318935-0a0e-1e64-0c4c-7e1067fc3b8a','1','IN','dberry');
insert into cpo_query (query_id, group_id, text_id, seq_no, userid) values ('64c8b04e-0a0b-1454-1204-613674f06ed8','0d318935-0a0e-1e64-0c4c-7e107ad2891d','64c813e2-0a0b-1454-1204-6136b16f9e9e','1','dberry');
insert into cpo_query_parameter (attribute_id, query_id, seq_no, param_type, userid) values ('0c9080e6-0a0e-1e64-0c4c-7e1086d19cff','64c8b04e-0a0b-1454-1204-613674f06ed8','1','IN','dberry');
insert into cpo_query (query_id, group_id, text_id, seq_no, userid) values ('64c8c2d9-0a0b-1454-1204-6136803900ab','0d318935-0a0e-1e64-0c4c-7e107ad2891d','0cb7ebd3-0a0e-1e64-0c4c-7e10cfc8bbac','2','dberry');
insert into cpo_query_parameter (attribute_id, query_id, seq_no, param_type, userid) values ('0c9080e6-0a0e-1e64-0c4c-7e1086d19cff','64c8c2d9-0a0b-1454-1204-6136803900ab','1','IN','dberry');
insert into cpo_query_group (group_id, class_id, group_type, name, userid) values ('0d32358d-0a0e-1e64-0c4c-7e10128c7459','0c9080e5-0a0e-1e64-0c4c-7e10f44c80a0','DELETE','deleteQueryGroupsForClass','dberry');
insert into cpo_query (query_id, group_id, text_id, seq_no, userid) values ('0d32358e-0a0e-1e64-0c4c-7e105567a0ae','0d32358d-0a0e-1e64-0c4c-7e10128c7459','0d3022a4-0a0e-1e64-0c4c-7e10b8cf7106','0','dberry');
insert into cpo_query_parameter (attribute_id, query_id, seq_no, param_type, userid) values ('0c9080e6-0a0e-1e64-0c4c-7e108e60d248','0d32358e-0a0e-1e64-0c4c-7e105567a0ae','1','IN','dberry');
insert into cpo_query_group (group_id, class_id, group_type, name, userid) values ('0d312f06-0a0e-1e64-0c4c-7e10d86295b2','0c9080e5-0a0e-1e64-0c4c-7e10f44c80a0','CREATE','insertQueryGroup','dberry');
insert into cpo_query (query_id, group_id, text_id, seq_no, userid) values ('0d312f08-0a0e-1e64-0c4c-7e10d590e8ec','0d312f06-0a0e-1e64-0c4c-7e10d86295b2','0cb7c308-0a0e-1e64-0c4c-7e105da804c3','0','dberry');
insert into cpo_query_parameter (attribute_id, query_id, seq_no, param_type, userid) values ('0c9080e6-0a0e-1e64-0c4c-7e108e60d248','0d312f08-0a0e-1e64-0c4c-7e10d590e8ec','1','IN','dberry');
insert into cpo_query_parameter (attribute_id, query_id, seq_no, param_type, userid) values ('0c9080e7-0a0e-1e64-0c4c-7e1073930e76','0d312f08-0a0e-1e64-0c4c-7e10d590e8ec','2','IN','dberry');
insert into cpo_query_parameter (attribute_id, query_id, seq_no, param_type, userid) values ('0c9080e6-0a0e-1e64-0c4c-7e1086d19cff','0d312f08-0a0e-1e64-0c4c-7e10d590e8ec','3','IN','dberry');
insert into cpo_query_parameter (attribute_id, query_id, seq_no, param_type, userid) values ('0c9080e7-0a0e-1e64-0c4c-7e1060ee83f0','0d312f08-0a0e-1e64-0c4c-7e10d590e8ec','4','IN','dberry');
insert into cpo_query_parameter (attribute_id, query_id, seq_no, param_type, userid) values ('0c9080e7-0a0e-1e64-0c4c-7e10bb10758e','0d312f08-0a0e-1e64-0c4c-7e10d590e8ec','5','IN','dberry');
insert into cpo_query_parameter (attribute_id, query_id, seq_no, param_type, userid) values ('0c9080e7-0a0e-1e64-0c4c-7e106857652d','0d312f08-0a0e-1e64-0c4c-7e10d590e8ec','6','IN','dberry');
insert into cpo_query_group (group_id, class_id, group_type, name, userid) values ('0d368589-0a0e-1e64-0c4c-7e10345d51e4','0c9080e5-0a0e-1e64-0c4c-7e10f44c80a0','RETRIEVE','retrieveQueryGroup','dberry');
insert into cpo_query (query_id, group_id, text_id, seq_no, userid) values ('0d368589-0a0e-1e64-0c4c-7e107968649a','0d368589-0a0e-1e64-0c4c-7e10345d51e4','0cb852b6-0a0e-1e64-0c4c-7e105b5e34d9','0','dberry');
insert into cpo_query_parameter (attribute_id, query_id, seq_no, param_type, userid) values ('0c9080e6-0a0e-1e64-0c4c-7e1086d19cff','0d368589-0a0e-1e64-0c4c-7e107968649a','1','IN','dberry');
insert into cpo_query_group (group_id, class_id, group_type, name, userid) values ('2b5ef3fc-0a06-083b-3e19-d68848e86792','0c9080e5-0a0e-1e64-0c4c-7e10f44c80a0','LIST','retrieveQueryGroupsByText','michael');
insert into cpo_query (query_id, group_id, text_id, seq_no, userid) values ('2b5ef3fd-0a06-083b-3e19-d688ca2770ef','2b5ef3fc-0a06-083b-3e19-d68848e86792','2b5f0f62-0a06-083b-3e19-d688d32afb52','0','michael');
insert into cpo_query_parameter (attribute_id, query_id, seq_no, param_type, userid) values ('0c9080e7-0a0e-1e64-0c4c-7e10bb10758e','2b5ef3fd-0a06-083b-3e19-d688ca2770ef','1','IN','michael');
insert into cpo_query_group (group_id, class_id, group_type, name, userid) values ('0d36fb99-0a0e-1e64-0c4c-7e10769cee1e','0c9080e5-0a0e-1e64-0c4c-7e10f44c80a0','LIST','retrieveQueryGroupsForClass','dberry');
insert into cpo_query (query_id, group_id, text_id, seq_no, userid) values ('0d36fb9a-0a0e-1e64-0c4c-7e10fe89a24a','0d36fb99-0a0e-1e64-0c4c-7e10769cee1e','0d3b8d13-0a0e-1e64-0c4c-7e10fc876028','0','dberry');
insert into cpo_query_parameter (attribute_id, query_id, seq_no, param_type, userid) values ('0c9080e6-0a0e-1e64-0c4c-7e108e60d248','0d36fb9a-0a0e-1e64-0c4c-7e10fe89a24a','1','IN','dberry');
insert into cpo_query_group (group_id, class_id, group_type, name, userid) values ('0d356ab4-0a0e-1e64-0c4c-7e1071572dcd','0c9080e5-0a0e-1e64-0c4c-7e10f44c80a0','UPDATE','updateQueryGroup','dberry');
insert into cpo_query (query_id, group_id, text_id, seq_no, userid) values ('0d356ab5-0a0e-1e64-0c4c-7e10809afc45','0d356ab4-0a0e-1e64-0c4c-7e1071572dcd','0cb8195f-0a0e-1e64-0c4c-7e10487af17e','0','dberry');
insert into cpo_query_parameter (attribute_id, query_id, seq_no, param_type, userid) values ('0c9080e7-0a0e-1e64-0c4c-7e1060ee83f0','0d356ab5-0a0e-1e64-0c4c-7e10809afc45','1','IN','dberry');
insert into cpo_query_parameter (attribute_id, query_id, seq_no, param_type, userid) values ('0c9080e7-0a0e-1e64-0c4c-7e10bb10758e','0d356ab5-0a0e-1e64-0c4c-7e10809afc45','2','IN','dberry');
insert into cpo_query_parameter (attribute_id, query_id, seq_no, param_type, userid) values ('0c9080e6-0a0e-1e64-0c4c-7e1086d19cff','0d356ab5-0a0e-1e64-0c4c-7e10809afc45','3','IN','dberry');
insert into cpo_query_text (text_id, sql_text, description, userid) values ('0cba6024-0a0e-1e64-0c4c-7e1070b0659a','delete from __CPO_TABLE_PREFIX__cpo_query_parameter where query_id = ? and attribute_id = ?','CpoQueryParameterBean - deleteQueryParameter','dberry');
insert into cpo_query_text (text_id, sql_text, description, userid) values ('0d78af96-0a0e-1e64-0c4c-7e10c87dfef8','delete from __CPO_TABLE_PREFIX__cpo_query_parameter where query_id = ?','CpoQueryParameterBean - deleteParametersForQuery','dberry');
insert into cpo_query_text (text_id, sql_text, description, userid) values ('0cba09af-0a0e-1e64-0c4c-7e10ef57c0ee','insert into __CPO_TABLE_PREFIX__cpo_query_parameter (ATTRIBUTE_ID, CREATEDATE, PARAM_TYPE, QUERY_ID, SEQ_NO, USERID) values (?,?,?,?,?,?)','CpoQueryParameterBean - insertQueryParameter','dberry');
insert into cpo_query_text (text_id, sql_text, description, userid) values ('0cbaae67-0a0e-1e64-0c4c-7e102d544159','select * from __CPO_TABLE_PREFIX__cpo_query_parameter where  where QUERY_ID = ? and ATTRIBUTE_ID = ?','CpoQueryParameterBean - retrieveQueryParameter','dberry');
insert into cpo_query_text (text_id, sql_text, description, userid) values ('0d792a59-0a0e-1e64-0c4c-7e10fda74ebb','select * from __CPO_TABLE_PREFIX__cpo_query_parameter where query_id = ? order by seq_no','CpoQueryParameterBean - retrieveParametersForQuery','dberry');
insert into cpo_query_text (text_id, sql_text, description, userid) values ('0cba87f6-0a0e-1e64-0c4c-7e107936e56a','update __CPO_TABLE_PREFIX__cpo_query_parameter set PARAM_TYPE = ? where  QUERY_ID = ? and ATTRIBUTE_ID = ? and SEQ_NO = ?','CpoQueryParameterBean - updateQueryParameter','dberry');
insert into cpo_class (class_id, name, userid) values ('0c9a900b-0a0e-1e64-0c4c-7e100c723827','org.synchronoss.cpo.meta.cpo.CpoQueryParameterBean','dberry');
insert into cpo_attribute_map (attribute_id, class_id, column_name, attribute, column_type, db_column, db_table,transform_class, userid) values ('0c9a900b-0a0e-1e64-0c4c-7e10630f0835','0c9a900b-0a0e-1e64-0c4c-7e100c723827','ATTRIBUTE_ID','attributeId','VARCHAR',null,null,null,'dberry');
insert into cpo_attribute_map (attribute_id, class_id, column_name, attribute, column_type, db_column, db_table,transform_class, userid) values ('0c9a900d-0a0e-1e64-0c4c-7e102b6ed30d','0c9a900b-0a0e-1e64-0c4c-7e100c723827','CREATEDATE','createdate','DATE',null,null,'org.synchronoss.cpo.transform.jdbc.TransformTimestampToCalendar','dberry');
insert into cpo_attribute_map (attribute_id, class_id, column_name, attribute, column_type, db_column, db_table,transform_class, userid) values ('0c9a900c-0a0e-1e64-0c4c-7e100b758581','0c9a900b-0a0e-1e64-0c4c-7e100c723827','PARAM_TYPE','paramType','VARCHAR',null,null,null,'dberry');
insert into cpo_attribute_map (attribute_id, class_id, column_name, attribute, column_type, db_column, db_table,transform_class, userid) values ('0c9a900c-0a0e-1e64-0c4c-7e1068fdfc47','0c9a900b-0a0e-1e64-0c4c-7e100c723827','QUERY_ID','queryId','VARCHAR',null,null,null,'dberry');
insert into cpo_attribute_map (attribute_id, class_id, column_name, attribute, column_type, db_column, db_table,transform_class, userid) values ('0c9a900c-0a0e-1e64-0c4c-7e10052ed485','0c9a900b-0a0e-1e64-0c4c-7e100c723827','SEQ_NO','seqNo','INTEGER',null,null,null,'michael');
insert into cpo_attribute_map (attribute_id, class_id, column_name, attribute, column_type, db_column, db_table,transform_class, userid) values ('0c9a900c-0a0e-1e64-0c4c-7e10da98765e','0c9a900b-0a0e-1e64-0c4c-7e100c723827','USERID','userid','VARCHAR',null,null,null,'dberry');
insert into cpo_query_group (group_id, class_id, group_type, name, userid) values ('0d79d33c-0a0e-1e64-0c4c-7e10709db54d','0c9a900b-0a0e-1e64-0c4c-7e100c723827','DELETE','deleteQueryParameter','dberry');
insert into cpo_query (query_id, group_id, text_id, seq_no, userid) values ('0d79d33d-0a0e-1e64-0c4c-7e10b8ca0022','0d79d33c-0a0e-1e64-0c4c-7e10709db54d','0cba6024-0a0e-1e64-0c4c-7e1070b0659a','0','dberry');
insert into cpo_query_parameter (attribute_id, query_id, seq_no, param_type, userid) values ('0c9a900c-0a0e-1e64-0c4c-7e1068fdfc47','0d79d33d-0a0e-1e64-0c4c-7e10b8ca0022','1','IN','dberry');
insert into cpo_query_parameter (attribute_id, query_id, seq_no, param_type, userid) values ('0c9a900b-0a0e-1e64-0c4c-7e10630f0835','0d79d33d-0a0e-1e64-0c4c-7e10b8ca0022','2','IN','dberry');
insert into cpo_query_group (group_id, class_id, group_type, name, userid) values ('0d7b8b10-0a0e-1e64-0c4c-7e105ff45b1a','0c9a900b-0a0e-1e64-0c4c-7e100c723827','DELETE','deleteQueryParametersForQuery','dberry');
insert into cpo_query (query_id, group_id, text_id, seq_no, userid) values ('0d7b8b10-0a0e-1e64-0c4c-7e10a74abe7e','0d7b8b10-0a0e-1e64-0c4c-7e105ff45b1a','0d78af96-0a0e-1e64-0c4c-7e10c87dfef8','0','dberry');
insert into cpo_query_parameter (attribute_id, query_id, seq_no, param_type, userid) values ('0c9a900c-0a0e-1e64-0c4c-7e1068fdfc47','0d7b8b10-0a0e-1e64-0c4c-7e10a74abe7e','1','IN','dberry');
insert into cpo_query_group (group_id, class_id, group_type, name, userid) values ('0d79a348-0a0e-1e64-0c4c-7e10e23d35ae','0c9a900b-0a0e-1e64-0c4c-7e100c723827','CREATE','insertQueryParameter','dberry');
insert into cpo_query (query_id, group_id, text_id, seq_no, userid) values ('0d79a349-0a0e-1e64-0c4c-7e1074fb70ca','0d79a348-0a0e-1e64-0c4c-7e10e23d35ae','0cba09af-0a0e-1e64-0c4c-7e10ef57c0ee','0','dberry');
insert into cpo_query_parameter (attribute_id, query_id, seq_no, param_type, userid) values ('0c9a900b-0a0e-1e64-0c4c-7e10630f0835','0d79a349-0a0e-1e64-0c4c-7e1074fb70ca','1','IN','dberry');
insert into cpo_query_parameter (attribute_id, query_id, seq_no, param_type, userid) values ('0c9a900d-0a0e-1e64-0c4c-7e102b6ed30d','0d79a349-0a0e-1e64-0c4c-7e1074fb70ca','2','IN','dberry');
insert into cpo_query_parameter (attribute_id, query_id, seq_no, param_type, userid) values ('0c9a900c-0a0e-1e64-0c4c-7e100b758581','0d79a349-0a0e-1e64-0c4c-7e1074fb70ca','3','IN','dberry');
insert into cpo_query_parameter (attribute_id, query_id, seq_no, param_type, userid) values ('0c9a900c-0a0e-1e64-0c4c-7e1068fdfc47','0d79a349-0a0e-1e64-0c4c-7e1074fb70ca','4','IN','dberry');
insert into cpo_query_parameter (attribute_id, query_id, seq_no, param_type, userid) values ('0c9a900c-0a0e-1e64-0c4c-7e10052ed485','0d79a349-0a0e-1e64-0c4c-7e1074fb70ca','5','IN','dberry');
insert into cpo_query_parameter (attribute_id, query_id, seq_no, param_type, userid) values ('0c9a900c-0a0e-1e64-0c4c-7e10da98765e','0d79a349-0a0e-1e64-0c4c-7e1074fb70ca','6','IN','dberry');
insert into cpo_query_group (group_id, class_id, group_type, name, userid) values ('0d7a0f72-0a0e-1e64-0c4c-7e10d6795121','0c9a900b-0a0e-1e64-0c4c-7e100c723827','RETRIEVE','retrieveQueryParameter','dberry');
insert into cpo_query (query_id, group_id, text_id, seq_no, userid) values ('0d7a0f73-0a0e-1e64-0c4c-7e1036f579fd','0d7a0f72-0a0e-1e64-0c4c-7e10d6795121','0cbaae67-0a0e-1e64-0c4c-7e102d544159','0','dberry');
insert into cpo_query_parameter (attribute_id, query_id, seq_no, param_type, userid) values ('0c9a900c-0a0e-1e64-0c4c-7e1068fdfc47','0d7a0f73-0a0e-1e64-0c4c-7e1036f579fd','1','IN','dberry');
insert into cpo_query_parameter (attribute_id, query_id, seq_no, param_type, userid) values ('0c9a900b-0a0e-1e64-0c4c-7e10630f0835','0d7a0f73-0a0e-1e64-0c4c-7e1036f579fd','2','IN','dberry');
insert into cpo_query_group (group_id, class_id, group_type, name, userid) values ('0d7be2b3-0a0e-1e64-0c4c-7e10d9588064','0c9a900b-0a0e-1e64-0c4c-7e100c723827','LIST','retrieveQueryParametersForQuery','dberry');
insert into cpo_query (query_id, group_id, text_id, seq_no, userid) values ('0d7be2b3-0a0e-1e64-0c4c-7e104f6ef450','0d7be2b3-0a0e-1e64-0c4c-7e10d9588064','0d792a59-0a0e-1e64-0c4c-7e10fda74ebb','0','dberry');
insert into cpo_query_parameter (attribute_id, query_id, seq_no, param_type, userid) values ('0c9a900c-0a0e-1e64-0c4c-7e1068fdfc47','0d7be2b3-0a0e-1e64-0c4c-7e104f6ef450','1','IN','dberry');
insert into cpo_query_group (group_id, class_id, group_type, name, userid) values ('0d7a3fc9-0a0e-1e64-0c4c-7e106d18bb81','0c9a900b-0a0e-1e64-0c4c-7e100c723827','UPDATE','updateQueryParameter','dberry');
insert into cpo_query (query_id, group_id, text_id, seq_no, userid) values ('0d7a3fca-0a0e-1e64-0c4c-7e10642c268c','0d7a3fc9-0a0e-1e64-0c4c-7e106d18bb81','0cba87f6-0a0e-1e64-0c4c-7e107936e56a','0','dberry');
insert into cpo_query_parameter (attribute_id, query_id, seq_no, param_type, userid) values ('0c9a900c-0a0e-1e64-0c4c-7e100b758581','0d7a3fca-0a0e-1e64-0c4c-7e10642c268c','1','IN','dberry');
insert into cpo_query_parameter (attribute_id, query_id, seq_no, param_type, userid) values ('0c9a900c-0a0e-1e64-0c4c-7e1068fdfc47','0d7a3fca-0a0e-1e64-0c4c-7e10642c268c','2','IN','dberry');
insert into cpo_query_parameter (attribute_id, query_id, seq_no, param_type, userid) values ('0c9a900b-0a0e-1e64-0c4c-7e10630f0835','0d7a3fca-0a0e-1e64-0c4c-7e10642c268c','3','IN','dberry');
insert into cpo_query_parameter (attribute_id, query_id, seq_no, param_type, userid) values ('0c9a900c-0a0e-1e64-0c4c-7e10052ed485','0d7a3fca-0a0e-1e64-0c4c-7e10642c268c','4','IN','dberry');
insert into cpo_query_text (text_id, sql_text, description, userid) values ('0cb6c67a-0a0e-1e64-0c4c-7e105f70353e','delete from __CPO_TABLE_PREFIX__cpo_query_text where text_id = ?','CpoQueryTextBean - deleteQueryText','dberry');
insert into cpo_query_text (text_id, sql_text, description, userid) values ('0cb65dd6-0a0e-1e64-0c4c-7e10737d86a7','insert into __CPO_TABLE_PREFIX__cpo_query_text (CREATEDATE, DESCRIPTION, SQL_TEXT, TEXT_ID, USERID) values (?,?,?,?,?)','CpoQueryTextBean - insertQueryText','dberry');
insert into cpo_query_text (text_id, sql_text, description, userid) values ('1d9b5c17-0a0e-1e8d-72b3-98da37ad8e08','select cqt.*, (select count(text_id) as ref_count from __CPO_TABLE_PREFIX__cpo_query cq where cqt.text_id = cq.text_id) as ref_count from __CPO_TABLE_PREFIX__cpo_query_text cqt','CpoQueryTextBean - retrieveAllQueryTexts','michael');
insert into cpo_query_text (text_id, sql_text, description, userid) values ('0cb72b48-0a0e-1e64-0c4c-7e1058d04acf','select cqt.*, (select count(text_id) as ref_count from __CPO_TABLE_PREFIX__cpo_query cq where cqt.text_id = cq.text_id) as ref_count from __CPO_TABLE_PREFIX__cpo_query_text cqt where cqt.text_id = ?','CpoQueryTextBean - retrieveQueryText','dberry');
insert into cpo_query_text (text_id, sql_text, description, userid) values ('0cb6f990-0a0e-1e64-0c4c-7e104722d05d','update __CPO_TABLE_PREFIX__cpo_query_text set DESCRIPTION = ?, SQL_TEXT = ? where TEXT_ID = ?','CpoQueryTextBean - updateQueryText','dberry');
insert into cpo_class (class_id, name, userid) values ('0cb0f14f-0a0e-1e64-0c4c-7e105419edd1','org.synchronoss.cpo.meta.cpo.CpoQueryTextBean','dberry');
insert into cpo_attribute_map (attribute_id, class_id, column_name, attribute, column_type, db_column, db_table,transform_class, userid) values ('0cb0f151-0a0e-1e64-0c4c-7e10add6fa24','0cb0f14f-0a0e-1e64-0c4c-7e105419edd1','CREATEDATE','createdate','DATE',null,null,'org.synchronoss.cpo.transform.jdbc.TransformTimestampToCalendar','dberry');
insert into cpo_attribute_map (attribute_id, class_id, column_name, attribute, column_type, db_column, db_table,transform_class, userid) values ('0cb0f151-0a0e-1e64-0c4c-7e10dd95de8b','0cb0f14f-0a0e-1e64-0c4c-7e105419edd1','DESCRIPTION','description','VARCHAR',null,null,null,'dberry');
insert into cpo_attribute_map (attribute_id, class_id, column_name, attribute, column_type, db_column, db_table,transform_class, userid) values ('1d4594d9-0a0e-1e64-405a-02efba37a24c','0cb0f14f-0a0e-1e64-0c4c-7e105419edd1','REF_COUNT','refCount','INTEGER',null,null,null,'dberry');
insert into cpo_attribute_map (attribute_id, class_id, column_name, attribute, column_type, db_column, db_table,transform_class, userid) values ('0cb0f151-0a0e-1e64-0c4c-7e10c20e3945','0cb0f14f-0a0e-1e64-0c4c-7e105419edd1','SQL_TEXT','sqlText','VARCHAR',null,null,null,'dberry');
insert into cpo_attribute_map (attribute_id, class_id, column_name, attribute, column_type, db_column, db_table,transform_class, userid) values ('0cb0f150-0a0e-1e64-0c4c-7e10a8ddd655','0cb0f14f-0a0e-1e64-0c4c-7e105419edd1','TEXT_ID','textId','VARCHAR',null,null,null,'dberry');
insert into cpo_attribute_map (attribute_id, class_id, column_name, attribute, column_type, db_column, db_table,transform_class, userid) values ('0cb0f151-0a0e-1e64-0c4c-7e1099417178','0cb0f14f-0a0e-1e64-0c4c-7e105419edd1','USERID','userid','VARCHAR',null,null,null,'dberry');
insert into cpo_query_group (group_id, class_id, group_type, name, userid) values ('0d9cb807-0a0e-1e64-0c4c-7e10ec78dfdd','0cb0f14f-0a0e-1e64-0c4c-7e105419edd1','DELETE','deleteQueryText','dberry');
insert into cpo_query (query_id, group_id, text_id, seq_no, userid) values ('0d9cb808-0a0e-1e64-0c4c-7e101257af01','0d9cb807-0a0e-1e64-0c4c-7e10ec78dfdd','0cb6c67a-0a0e-1e64-0c4c-7e105f70353e','0','dberry');
insert into cpo_query_parameter (attribute_id, query_id, seq_no, param_type, userid) values ('0cb0f150-0a0e-1e64-0c4c-7e10a8ddd655','0d9cb808-0a0e-1e64-0c4c-7e101257af01','1','IN','dberry');
insert into cpo_query_group (group_id, class_id, group_type, name, userid) values ('0d9c7f77-0a0e-1e64-0c4c-7e10d35a17fb','0cb0f14f-0a0e-1e64-0c4c-7e105419edd1','CREATE','insertQueryText','dberry');
insert into cpo_query (query_id, group_id, text_id, seq_no, userid) values ('0d9c7f78-0a0e-1e64-0c4c-7e1028d11a0f','0d9c7f77-0a0e-1e64-0c4c-7e10d35a17fb','0cb65dd6-0a0e-1e64-0c4c-7e10737d86a7','0','dberry');
insert into cpo_query_parameter (attribute_id, query_id, seq_no, param_type, userid) values ('0cb0f151-0a0e-1e64-0c4c-7e10add6fa24','0d9c7f78-0a0e-1e64-0c4c-7e1028d11a0f','1','IN','dberry');
insert into cpo_query_parameter (attribute_id, query_id, seq_no, param_type, userid) values ('0cb0f151-0a0e-1e64-0c4c-7e10dd95de8b','0d9c7f78-0a0e-1e64-0c4c-7e1028d11a0f','2','IN','dberry');
insert into cpo_query_parameter (attribute_id, query_id, seq_no, param_type, userid) values ('0cb0f151-0a0e-1e64-0c4c-7e10c20e3945','0d9c7f78-0a0e-1e64-0c4c-7e1028d11a0f','3','IN','dberry');
insert into cpo_query_parameter (attribute_id, query_id, seq_no, param_type, userid) values ('0cb0f150-0a0e-1e64-0c4c-7e10a8ddd655','0d9c7f78-0a0e-1e64-0c4c-7e1028d11a0f','4','IN','dberry');
insert into cpo_query_parameter (attribute_id, query_id, seq_no, param_type, userid) values ('0cb0f151-0a0e-1e64-0c4c-7e1099417178','0d9c7f78-0a0e-1e64-0c4c-7e1028d11a0f','5','IN','dberry');
insert into cpo_query_group (group_id, class_id, group_type, name, userid) values ('1d9acbd0-0a0e-1e8d-72b3-98dad5a7cc09','0cb0f14f-0a0e-1e64-0c4c-7e105419edd1','LIST','retrieveAllQueryTexts','michael');
insert into cpo_query (query_id, group_id, text_id, seq_no, userid) values ('1d9acbd1-0a0e-1e8d-72b3-98dad382924f','1d9acbd0-0a0e-1e8d-72b3-98dad5a7cc09','1d9b5c17-0a0e-1e8d-72b3-98da37ad8e08','0','michael');
insert into cpo_query_group (group_id, class_id, group_type, name, userid) values ('0d9d5d23-0a0e-1e64-0c4c-7e100a2eafe7','0cb0f14f-0a0e-1e64-0c4c-7e105419edd1','RETRIEVE','retrieveQueryText','dberry');
insert into cpo_query (query_id, group_id, text_id, seq_no, userid) values ('0d9d5d24-0a0e-1e64-0c4c-7e106e11aa88','0d9d5d23-0a0e-1e64-0c4c-7e100a2eafe7','0cb72b48-0a0e-1e64-0c4c-7e1058d04acf','0','dberry');
insert into cpo_query_parameter (attribute_id, query_id, seq_no, param_type, userid) values ('0cb0f150-0a0e-1e64-0c4c-7e10a8ddd655','0d9d5d24-0a0e-1e64-0c4c-7e106e11aa88','1','IN','dberry');
insert into cpo_query_group (group_id, class_id, group_type, name, userid) values ('0d9cf2ee-0a0e-1e64-0c4c-7e10a058a5e5','0cb0f14f-0a0e-1e64-0c4c-7e105419edd1','UPDATE','updateQueryText','dberry');
insert into cpo_query (query_id, group_id, text_id, seq_no, userid) values ('0d9cf2ef-0a0e-1e64-0c4c-7e10ddbb64dc','0d9cf2ee-0a0e-1e64-0c4c-7e10a058a5e5','0cb6f990-0a0e-1e64-0c4c-7e104722d05d','0','dberry');
insert into cpo_query_parameter (attribute_id, query_id, seq_no, param_type, userid) values ('0cb0f151-0a0e-1e64-0c4c-7e10dd95de8b','0d9cf2ef-0a0e-1e64-0c4c-7e10ddbb64dc','1','IN','dberry');
insert into cpo_query_parameter (attribute_id, query_id, seq_no, param_type, userid) values ('0cb0f151-0a0e-1e64-0c4c-7e10c20e3945','0d9cf2ef-0a0e-1e64-0c4c-7e10ddbb64dc','2','IN','dberry');
insert into cpo_query_parameter (attribute_id, query_id, seq_no, param_type, userid) values ('0cb0f150-0a0e-1e64-0c4c-7e10a8ddd655','0d9cf2ef-0a0e-1e64-0c4c-7e10ddbb64dc','3','IN','dberry');
