delete from CPO_QUERY_PARAMETER  where query_id in (select distinct query_id from CPO_QUERY where group_id in (select distinct group_id from CPO_QUERY_GROUP where class_id=(select class_id from CPO_CLASS where name='org.synchronoss.cpo.meta.cpo.CpoArgumentBean')));
delete from CPO_QUERY where group_id in (select distinct group_id from CPO_QUERY_GROUP where class_id=(select class_id from CPO_CLASS where name='org.synchronoss.cpo.meta.cpo.CpoArgumentBean'));
delete from cpo_query_text where text_id = '0cba6024-0a0e-1e64-0c4c-7e1070b0659a';
delete from cpo_query_text where text_id = '0d78af96-0a0e-1e64-0c4c-7e10c87dfef8';
delete from cpo_query_text where text_id = '0cba09af-0a0e-1e64-0c4c-7e10ef57c0ee';
delete from cpo_query_text where text_id = '0cbaae67-0a0e-1e64-0c4c-7e102d544159';
delete from cpo_query_text where text_id = '0d792a59-0a0e-1e64-0c4c-7e10fda74ebb';
delete from cpo_query_text where text_id = '0cba87f6-0a0e-1e64-0c4c-7e107936e56a';
delete from CPO_QUERY_GROUP where class_id=(select class_id from CPO_CLASS where name='org.synchronoss.cpo.meta.cpo.CpoArgumentBean');
delete from CPO_ATTRIBUTE_MAP where class_id=(select class_id from CPO_CLASS where name='org.synchronoss.cpo.meta.cpo.CpoArgumentBean');
delete from CPO_CLASS where name='org.synchronoss.cpo.meta.cpo.CpoArgumentBean';
insert into cpo_query_text (text_id, sql_text, description, userid) values ('0cba6024-0a0e-1e64-0c4c-7e1070b0659a','delete from __CPO_TABLE_PREFIX__cpo_query_parameter where query_id = ? and attribute_id = ?','CpoQueryParameterBean - deleteQueryParameter','dberry');
insert into cpo_query_text (text_id, sql_text, description, userid) values ('0d78af96-0a0e-1e64-0c4c-7e10c87dfef8','delete from __CPO_TABLE_PREFIX__cpo_query_parameter where query_id = ?','CpoQueryParameterBean - deleteParametersForQuery','dberry');
insert into cpo_query_text (text_id, sql_text, description, userid) values ('0cba09af-0a0e-1e64-0c4c-7e10ef57c0ee','insert into __CPO_TABLE_PREFIX__cpo_query_parameter (ATTRIBUTE_ID, CREATEDATE, PARAM_TYPE, QUERY_ID, SEQ_NO, USERID) values (?,?,?,?,?,?)','CpoQueryParameterBean - insertQueryParameter','dberry');
insert into cpo_query_text (text_id, sql_text, description, userid) values ('0cbaae67-0a0e-1e64-0c4c-7e102d544159','select * from __CPO_TABLE_PREFIX__cpo_query_parameter where  where QUERY_ID = ? and ATTRIBUTE_ID = ?','CpoQueryParameterBean - retrieveQueryParameter','dberry');
insert into cpo_query_text (text_id, sql_text, description, userid) values ('0d792a59-0a0e-1e64-0c4c-7e10fda74ebb','select * from __CPO_TABLE_PREFIX__cpo_query_parameter where query_id = ? order by seq_no','CpoQueryParameterBean - retrieveParametersForQuery','dberry');
insert into cpo_query_text (text_id, sql_text, description, userid) values ('0cba87f6-0a0e-1e64-0c4c-7e107936e56a','update __CPO_TABLE_PREFIX__cpo_query_parameter set PARAM_TYPE = ? where  QUERY_ID = ? and ATTRIBUTE_ID = ? and SEQ_NO = ?','CpoQueryParameterBean - updateQueryParameter','dberry');
insert into cpo_class (class_id, name, userid) values ('0c9a900b-0a0e-1e64-0c4c-7e100c723827','org.synchronoss.cpo.meta.cpo.CpoArgumentBean','dberry');
insert into cpo_attribute_map (attribute_id, class_id, column_name, attribute, column_type, db_column, db_table,transform_class, userid) values ('0c9a900c-0a0e-1e64-0c4c-7e100b758581','0c9a900b-0a0e-1e64-0c4c-7e100c723827','PARAM_TYPE','argumentType','VARCHAR',null,null,null,'dberry');
insert into cpo_attribute_map (attribute_id, class_id, column_name, attribute, column_type, db_column, db_table,transform_class, userid) values ('0c9a900b-0a0e-1e64-0c4c-7e10630f0835','0c9a900b-0a0e-1e64-0c4c-7e100c723827','ATTRIBUTE_ID','attributeId','VARCHAR',null,null,null,'dberry');
insert into cpo_attribute_map (attribute_id, class_id, column_name, attribute, column_type, db_column, db_table,transform_class, userid) values ('0c9a900d-0a0e-1e64-0c4c-7e102b6ed30d','0c9a900b-0a0e-1e64-0c4c-7e100c723827','CREATEDATE','createdate','DATE',null,null,'org.synchronoss.cpo.transform.jdbc.TransformTimestampToCalendar','dberry');
insert into cpo_attribute_map (attribute_id, class_id, column_name, attribute, column_type, db_column, db_table,transform_class, userid) values ('0c9a900c-0a0e-1e64-0c4c-7e1068fdfc47','0c9a900b-0a0e-1e64-0c4c-7e100c723827','QUERY_ID','functionId','VARCHAR',null,null,null,'dberry');
insert into cpo_attribute_map (attribute_id, class_id, column_name, attribute, column_type, db_column, db_table,transform_class, userid) values ('0c9a900c-0a0e-1e64-0c4c-7e10052ed485','0c9a900b-0a0e-1e64-0c4c-7e100c723827','SEQ_NO','seqNo','INTEGER',null,null,null,'michael');
insert into cpo_attribute_map (attribute_id, class_id, column_name, attribute, column_type, db_column, db_table,transform_class, userid) values ('0c9a900c-0a0e-1e64-0c4c-7e10da98765e','0c9a900b-0a0e-1e64-0c4c-7e100c723827','USERID','userid','VARCHAR',null,null,null,'dberry');
insert into cpo_query_group (group_id, class_id, group_type, name, userid) values ('0d79d33c-0a0e-1e64-0c4c-7e10709db54d','0c9a900b-0a0e-1e64-0c4c-7e100c723827','DELETE','deleteQueryParameter','dberry');
insert into cpo_query (query_id, group_id, text_id, seq_no, userid) values ('0d79d33d-0a0e-1e64-0c4c-7e10b8ca0022','0d79d33c-0a0e-1e64-0c4c-7e10709db54d','0cba6024-0a0e-1e64-0c4c-7e1070b0659a','0','dberry');
insert into cpo_query_parameter (attribute_id, query_id, seq_no, param_type, userid) values ('0c9a900c-0a0e-1e64-0c4c-7e1068fdfc47','0d79d33d-0a0e-1e64-0c4c-7e10b8ca0022','1','IN','dberry');
insert into cpo_query_parameter (attribute_id, query_id, seq_no, param_type, userid) values ('0c9a900b-0a0e-1e64-0c4c-7e10630f0835','0d79d33d-0a0e-1e64-0c4c-7e10b8ca0022','2','IN','dberry');
insert into cpo_query_group (group_id, class_id, group_type, name, userid) values ('0d7b8b10-0a0e-1e64-0c4c-7e105ff45b1a','0c9a900b-0a0e-1e64-0c4c-7e100c723827','DELETE','deleteQueryParametersForQuery','dberry');
insert into cpo_query (query_id, group_id, text_id, seq_no, userid) values ('0d7b8b10-0a0e-1e64-0c4c-7e10a74abe7e','0d7b8b10-0a0e-1e64-0c4c-7e105ff45b1a','0d78af96-0a0e-1e64-0c4c-7e10c87dfef8','0','dberry');
insert into cpo_query_parameter (attribute_id, query_id, seq_no, param_type, userid) values ('0c9a900c-0a0e-1e64-0c4c-7e1068fdfc47','0d7b8b10-0a0e-1e64-0c4c-7e10a74abe7e','1','IN','dberry');
insert into cpo_query_group (group_id, class_id, group_type, name, userid) values ('0d79a348-0a0e-1e64-0c4c-7e10e23d35ae','0c9a900b-0a0e-1e64-0c4c-7e100c723827','CREATE','insertQueryParameter','dberry');
insert into cpo_query (query_id, group_id, text_id, seq_no, userid) values ('0d79a349-0a0e-1e64-0c4c-7e1074fb70ca','0d79a348-0a0e-1e64-0c4c-7e10e23d35ae','0cba09af-0a0e-1e64-0c4c-7e10ef57c0ee','0','dberry');
insert into cpo_query_parameter (attribute_id, query_id, seq_no, param_type, userid) values ('0c9a900b-0a0e-1e64-0c4c-7e10630f0835','0d79a349-0a0e-1e64-0c4c-7e1074fb70ca','1','IN','dberry');
insert into cpo_query_parameter (attribute_id, query_id, seq_no, param_type, userid) values ('0c9a900d-0a0e-1e64-0c4c-7e102b6ed30d','0d79a349-0a0e-1e64-0c4c-7e1074fb70ca','2','IN','dberry');
insert into cpo_query_parameter (attribute_id, query_id, seq_no, param_type, userid) values ('0c9a900c-0a0e-1e64-0c4c-7e100b758581','0d79a349-0a0e-1e64-0c4c-7e1074fb70ca','3','IN','dberry');
insert into cpo_query_parameter (attribute_id, query_id, seq_no, param_type, userid) values ('0c9a900c-0a0e-1e64-0c4c-7e1068fdfc47','0d79a349-0a0e-1e64-0c4c-7e1074fb70ca','4','IN','dberry');
insert into cpo_query_parameter (attribute_id, query_id, seq_no, param_type, userid) values ('0c9a900c-0a0e-1e64-0c4c-7e10052ed485','0d79a349-0a0e-1e64-0c4c-7e1074fb70ca','5','IN','dberry');
insert into cpo_query_parameter (attribute_id, query_id, seq_no, param_type, userid) values ('0c9a900c-0a0e-1e64-0c4c-7e10da98765e','0d79a349-0a0e-1e64-0c4c-7e1074fb70ca','6','IN','dberry');
insert into cpo_query_group (group_id, class_id, group_type, name, userid) values ('0d7a0f72-0a0e-1e64-0c4c-7e10d6795121','0c9a900b-0a0e-1e64-0c4c-7e100c723827','RETRIEVE','retrieveQueryParameter','dberry');
insert into cpo_query (query_id, group_id, text_id, seq_no, userid) values ('0d7a0f73-0a0e-1e64-0c4c-7e1036f579fd','0d7a0f72-0a0e-1e64-0c4c-7e10d6795121','0cbaae67-0a0e-1e64-0c4c-7e102d544159','0','dberry');
insert into cpo_query_parameter (attribute_id, query_id, seq_no, param_type, userid) values ('0c9a900c-0a0e-1e64-0c4c-7e1068fdfc47','0d7a0f73-0a0e-1e64-0c4c-7e1036f579fd','1','IN','dberry');
insert into cpo_query_parameter (attribute_id, query_id, seq_no, param_type, userid) values ('0c9a900b-0a0e-1e64-0c4c-7e10630f0835','0d7a0f73-0a0e-1e64-0c4c-7e1036f579fd','2','IN','dberry');
insert into cpo_query_group (group_id, class_id, group_type, name, userid) values ('0d7be2b3-0a0e-1e64-0c4c-7e10d9588064','0c9a900b-0a0e-1e64-0c4c-7e100c723827','LIST','retrieveQueryParametersForQuery','dberry');
insert into cpo_query (query_id, group_id, text_id, seq_no, userid) values ('0d7be2b3-0a0e-1e64-0c4c-7e104f6ef450','0d7be2b3-0a0e-1e64-0c4c-7e10d9588064','0d792a59-0a0e-1e64-0c4c-7e10fda74ebb','0','dberry');
insert into cpo_query_parameter (attribute_id, query_id, seq_no, param_type, userid) values ('0c9a900c-0a0e-1e64-0c4c-7e1068fdfc47','0d7be2b3-0a0e-1e64-0c4c-7e104f6ef450','1','IN','dberry');
insert into cpo_query_group (group_id, class_id, group_type, name, userid) values ('0d7a3fc9-0a0e-1e64-0c4c-7e106d18bb81','0c9a900b-0a0e-1e64-0c4c-7e100c723827','UPDATE','updateQueryParameter','dberry');
insert into cpo_query (query_id, group_id, text_id, seq_no, userid) values ('0d7a3fca-0a0e-1e64-0c4c-7e10642c268c','0d7a3fc9-0a0e-1e64-0c4c-7e106d18bb81','0cba87f6-0a0e-1e64-0c4c-7e107936e56a','0','dberry');
insert into cpo_query_parameter (attribute_id, query_id, seq_no, param_type, userid) values ('0c9a900c-0a0e-1e64-0c4c-7e100b758581','0d7a3fca-0a0e-1e64-0c4c-7e10642c268c','1','IN','dberry');
insert into cpo_query_parameter (attribute_id, query_id, seq_no, param_type, userid) values ('0c9a900c-0a0e-1e64-0c4c-7e1068fdfc47','0d7a3fca-0a0e-1e64-0c4c-7e10642c268c','2','IN','dberry');
insert into cpo_query_parameter (attribute_id, query_id, seq_no, param_type, userid) values ('0c9a900b-0a0e-1e64-0c4c-7e10630f0835','0d7a3fca-0a0e-1e64-0c4c-7e10642c268c','3','IN','dberry');
insert into cpo_query_parameter (attribute_id, query_id, seq_no, param_type, userid) values ('0c9a900c-0a0e-1e64-0c4c-7e10052ed485','0d7a3fca-0a0e-1e64-0c4c-7e10642c268c','4','IN','dberry');
