delete from CPO_QUERY_PARAMETER  where query_id in (select distinct query_id from CPO_QUERY where group_id in (select distinct group_id from CPO_QUERY_GROUP where class_id=(select class_id from CPO_CLASS where name='org.synchronoss.cpo.meta.cpo.CpoExpressionBean')));
delete from CPO_QUERY where group_id in (select distinct group_id from CPO_QUERY_GROUP where class_id=(select class_id from CPO_CLASS where name='org.synchronoss.cpo.meta.cpo.CpoExpressionBean'));
delete from cpo_query_text where text_id = '0cb6c67a-0a0e-1e64-0c4c-7e105f70353e';
delete from cpo_query_text where text_id = '0cb65dd6-0a0e-1e64-0c4c-7e10737d86a7';
delete from cpo_query_text where text_id = '1d9b5c17-0a0e-1e8d-72b3-98da37ad8e08';
delete from cpo_query_text where text_id = '0cb72b48-0a0e-1e64-0c4c-7e1058d04acf';
delete from cpo_query_text where text_id = '0cb6f990-0a0e-1e64-0c4c-7e104722d05d';
delete from CPO_QUERY_GROUP where class_id=(select class_id from CPO_CLASS where name='org.synchronoss.cpo.meta.cpo.CpoExpressionBean');
delete from CPO_ATTRIBUTE_MAP where class_id=(select class_id from CPO_CLASS where name='org.synchronoss.cpo.meta.cpo.CpoExpressionBean');
delete from CPO_CLASS where name='org.synchronoss.cpo.meta.cpo.CpoExpressionBean';
insert into cpo_query_text (text_id, sql_text, description, userid) values ('0cb6c67a-0a0e-1e64-0c4c-7e105f70353e','delete from __CPO_TABLE_PREFIX__cpo_query_text where text_id = ?','CpoQueryTextBean - deleteQueryText','dberry');
insert into cpo_query_text (text_id, sql_text, description, userid) values ('0cb65dd6-0a0e-1e64-0c4c-7e10737d86a7','insert into __CPO_TABLE_PREFIX__cpo_query_text (CREATEDATE, DESCRIPTION, SQL_TEXT, TEXT_ID, USERID) values (?,?,?,?,?)','CpoQueryTextBean - insertQueryText','dberry');
insert into cpo_query_text (text_id, sql_text, description, userid) values ('1d9b5c17-0a0e-1e8d-72b3-98da37ad8e08','select cqt.*, (select count(text_id) as ref_count from __CPO_TABLE_PREFIX__cpo_query cq where cqt.text_id = cq.text_id) as ref_count from __CPO_TABLE_PREFIX__cpo_query_text cqt','CpoQueryTextBean - retrieveAllQueryTexts','michael');
insert into cpo_query_text (text_id, sql_text, description, userid) values ('0cb72b48-0a0e-1e64-0c4c-7e1058d04acf','select cqt.*, (select count(text_id) as ref_count from __CPO_TABLE_PREFIX__cpo_query cq where cqt.text_id = cq.text_id) as ref_count from __CPO_TABLE_PREFIX__cpo_query_text cqt where cqt.text_id = ?','CpoQueryTextBean - retrieveQueryText','dberry');
insert into cpo_query_text (text_id, sql_text, description, userid) values ('0cb6f990-0a0e-1e64-0c4c-7e104722d05d','update __CPO_TABLE_PREFIX__cpo_query_text set DESCRIPTION = ?, SQL_TEXT = ? where TEXT_ID = ?','CpoQueryTextBean - updateQueryText','dberry');
insert into cpo_class (class_id, name, userid) values ('0cb0f14f-0a0e-1e64-0c4c-7e105419edd1','org.synchronoss.cpo.meta.cpo.CpoExpressionBean','dberry');
insert into cpo_attribute_map (attribute_id, class_id, column_name, attribute, column_type, db_column, db_table,transform_class, userid) values ('0cb0f151-0a0e-1e64-0c4c-7e10add6fa24','0cb0f14f-0a0e-1e64-0c4c-7e105419edd1','CREATEDATE','createdate','DATE',null,null,'org.synchronoss.cpo.transform.jdbc.TransformTimestampToCalendar','dberry');
insert into cpo_attribute_map (attribute_id, class_id, column_name, attribute, column_type, db_column, db_table,transform_class, userid) values ('0cb0f151-0a0e-1e64-0c4c-7e10dd95de8b','0cb0f14f-0a0e-1e64-0c4c-7e105419edd1','DESCRIPTION','description','VARCHAR',null,null,null,'dberry');
insert into cpo_attribute_map (attribute_id, class_id, column_name, attribute, column_type, db_column, db_table,transform_class, userid) values ('0cb0f151-0a0e-1e64-0c4c-7e10c20e3945','0cb0f14f-0a0e-1e64-0c4c-7e105419edd1','SQL_TEXT','expression','VARCHAR',null,null,null,'dberry');
insert into cpo_attribute_map (attribute_id, class_id, column_name, attribute, column_type, db_column, db_table,transform_class, userid) values ('0cb0f150-0a0e-1e64-0c4c-7e10a8ddd655','0cb0f14f-0a0e-1e64-0c4c-7e105419edd1','TEXT_ID','expressionId','VARCHAR',null,null,null,'dberry');
insert into cpo_attribute_map (attribute_id, class_id, column_name, attribute, column_type, db_column, db_table,transform_class, userid) values ('1d4594d9-0a0e-1e64-405a-02efba37a24c','0cb0f14f-0a0e-1e64-0c4c-7e105419edd1','REF_COUNT','refCount','INTEGER',null,null,null,'dberry');
insert into cpo_attribute_map (attribute_id, class_id, column_name, attribute, column_type, db_column, db_table,transform_class, userid) values ('0cb0f151-0a0e-1e64-0c4c-7e1099417178','0cb0f14f-0a0e-1e64-0c4c-7e105419edd1','USERID','userid','VARCHAR',null,null,null,'dberry');
insert into cpo_query_group (group_id, class_id, group_type, name, userid) values ('0d9cb807-0a0e-1e64-0c4c-7e10ec78dfdd','0cb0f14f-0a0e-1e64-0c4c-7e105419edd1','DELETE','deleteQueryText','dberry');
insert into cpo_query (query_id, group_id, text_id, seq_no, userid) values ('0d9cb808-0a0e-1e64-0c4c-7e101257af01','0d9cb807-0a0e-1e64-0c4c-7e10ec78dfdd','0cb6c67a-0a0e-1e64-0c4c-7e105f70353e','0','dberry');
insert into cpo_query_parameter (attribute_id, query_id, seq_no, param_type, userid) values ('0cb0f150-0a0e-1e64-0c4c-7e10a8ddd655','0d9cb808-0a0e-1e64-0c4c-7e101257af01','1','IN','dberry');
insert into cpo_query_group (group_id, class_id, group_type, name, userid) values ('0d9c7f77-0a0e-1e64-0c4c-7e10d35a17fb','0cb0f14f-0a0e-1e64-0c4c-7e105419edd1','CREATE','insertQueryText','dberry');
insert into cpo_query (query_id, group_id, text_id, seq_no, userid) values ('0d9c7f78-0a0e-1e64-0c4c-7e1028d11a0f','0d9c7f77-0a0e-1e64-0c4c-7e10d35a17fb','0cb65dd6-0a0e-1e64-0c4c-7e10737d86a7','0','dberry');
insert into cpo_query_parameter (attribute_id, query_id, seq_no, param_type, userid) values ('0cb0f151-0a0e-1e64-0c4c-7e10add6fa24','0d9c7f78-0a0e-1e64-0c4c-7e1028d11a0f','1','IN','dberry');
insert into cpo_query_parameter (attribute_id, query_id, seq_no, param_type, userid) values ('0cb0f151-0a0e-1e64-0c4c-7e10dd95de8b','0d9c7f78-0a0e-1e64-0c4c-7e1028d11a0f','2','IN','dberry');
insert into cpo_query_parameter (attribute_id, query_id, seq_no, param_type, userid) values ('0cb0f151-0a0e-1e64-0c4c-7e10c20e3945','0d9c7f78-0a0e-1e64-0c4c-7e1028d11a0f','3','IN','dberry');
insert into cpo_query_parameter (attribute_id, query_id, seq_no, param_type, userid) values ('0cb0f150-0a0e-1e64-0c4c-7e10a8ddd655','0d9c7f78-0a0e-1e64-0c4c-7e1028d11a0f','4','IN','dberry');
insert into cpo_query_parameter (attribute_id, query_id, seq_no, param_type, userid) values ('0cb0f151-0a0e-1e64-0c4c-7e1099417178','0d9c7f78-0a0e-1e64-0c4c-7e1028d11a0f','5','IN','dberry');
insert into cpo_query_group (group_id, class_id, group_type, name, userid) values ('1d9acbd0-0a0e-1e8d-72b3-98dad5a7cc09','0cb0f14f-0a0e-1e64-0c4c-7e105419edd1','LIST','retrieveAllQueryTexts','michael');
insert into cpo_query (query_id, group_id, text_id, seq_no, userid) values ('1d9acbd1-0a0e-1e8d-72b3-98dad382924f','1d9acbd0-0a0e-1e8d-72b3-98dad5a7cc09','1d9b5c17-0a0e-1e8d-72b3-98da37ad8e08','0','michael');
insert into cpo_query_group (group_id, class_id, group_type, name, userid) values ('0d9d5d23-0a0e-1e64-0c4c-7e100a2eafe7','0cb0f14f-0a0e-1e64-0c4c-7e105419edd1','RETRIEVE','retrieveQueryText','dberry');
insert into cpo_query (query_id, group_id, text_id, seq_no, userid) values ('0d9d5d24-0a0e-1e64-0c4c-7e106e11aa88','0d9d5d23-0a0e-1e64-0c4c-7e100a2eafe7','0cb72b48-0a0e-1e64-0c4c-7e1058d04acf','0','dberry');
insert into cpo_query_parameter (attribute_id, query_id, seq_no, param_type, userid) values ('0cb0f150-0a0e-1e64-0c4c-7e10a8ddd655','0d9d5d24-0a0e-1e64-0c4c-7e106e11aa88','1','IN','dberry');
insert into cpo_query_group (group_id, class_id, group_type, name, userid) values ('0d9cf2ee-0a0e-1e64-0c4c-7e10a058a5e5','0cb0f14f-0a0e-1e64-0c4c-7e105419edd1','UPDATE','updateQueryText','dberry');
insert into cpo_query (query_id, group_id, text_id, seq_no, userid) values ('0d9cf2ef-0a0e-1e64-0c4c-7e10ddbb64dc','0d9cf2ee-0a0e-1e64-0c4c-7e10a058a5e5','0cb6f990-0a0e-1e64-0c4c-7e104722d05d','0','dberry');
insert into cpo_query_parameter (attribute_id, query_id, seq_no, param_type, userid) values ('0cb0f151-0a0e-1e64-0c4c-7e10dd95de8b','0d9cf2ef-0a0e-1e64-0c4c-7e10ddbb64dc','1','IN','dberry');
insert into cpo_query_parameter (attribute_id, query_id, seq_no, param_type, userid) values ('0cb0f151-0a0e-1e64-0c4c-7e10c20e3945','0d9cf2ef-0a0e-1e64-0c4c-7e10ddbb64dc','2','IN','dberry');
insert into cpo_query_parameter (attribute_id, query_id, seq_no, param_type, userid) values ('0cb0f150-0a0e-1e64-0c4c-7e10a8ddd655','0d9cf2ef-0a0e-1e64-0c4c-7e10ddbb64dc','3','IN','dberry');
