delete from CPO_QUERY_PARAMETER  where query_id in (select distinct query_id from CPO_QUERY where group_id in (select distinct group_id from CPO_QUERY_GROUP where class_id=(select class_id from CPO_CLASS where name='org.synchronoss.cpo.meta.cpo.CpoClassBean')));
delete from CPO_QUERY where group_id in (select distinct group_id from CPO_QUERY_GROUP where class_id=(select class_id from CPO_CLASS where name='org.synchronoss.cpo.meta.cpo.CpoClassBean'));
delete from cpo_query_text where text_id = '64856174-0a0b-1454-1204-6136326526a8';
delete from cpo_query_text where text_id = '6484db8c-0a0b-1454-1204-61366a712f55';
delete from cpo_query_text where text_id = '6484ac66-0a0b-1454-1204-6136dd92a93d';
delete from cpo_query_text where text_id = '6485939d-0a0b-1454-1204-61363199359d';
delete from cpo_query_text where text_id = '0cb3def4-0a0e-1e64-0c4c-7e10d1c04a54';
delete from cpo_query_text where text_id = '0cb39b94-0a0e-1e64-0c4c-7e10a6b6e0d3';
delete from cpo_query_text where text_id = '190341cb-c0a8-0107-72a5-ce92b9f58d6f';
delete from cpo_query_text where text_id = '0cb4af01-0a0e-1e64-0c4c-7e10c4bd684d';
delete from cpo_query_text where text_id = '31e1af56-0a0e-1e64-55a5-17bdf9b835e9';
delete from cpo_query_text where text_id = '0cb45d4b-0a0e-1e64-0c4c-7e10160d6565';
delete from CPO_QUERY_GROUP where class_id=(select class_id from CPO_CLASS where name='org.synchronoss.cpo.meta.cpo.CpoClassBean');
delete from CPO_ATTRIBUTE_MAP where class_id=(select class_id from CPO_CLASS where name='org.synchronoss.cpo.meta.cpo.CpoClassBean');
delete from CPO_CLASS where name='org.synchronoss.cpo.meta.cpo.CpoClassBean';
insert into cpo_query_text (text_id, sql_text, description, userid) values ('64856174-0a0b-1454-1204-6136326526a8','delete from __CPO_TABLE_PREFIX__cpo_query_parameter where query_id in 
(select cq.query_id from  __CPO_TABLE_PREFIX__cpo_query cq 
join __CPO_TABLE_PREFIX__cpo_query_group cqg on cqg.group_id = cq.group_id
join __CPO_TABLE_PREFIX__cpo_class cc on cc.class_id = cqg.class_id
where class_id = ?)','CpoClassBean - deleteQueryParameters','dberry');
insert into cpo_query_text (text_id, sql_text, description, userid) values ('6484db8c-0a0b-1454-1204-61366a712f55','delete from __CPO_TABLE_PREFIX__cpo_query where group_id in 
(select group_id from  __CPO_TABLE_PREFIX__cpo_query_group where class_id = ?)','CpoClassBean - deleteQueries','dberry');
insert into cpo_query_text (text_id, sql_text, description, userid) values ('6484ac66-0a0b-1454-1204-6136dd92a93d','delete from __CPO_TABLE_PREFIX__cpo_query_group where class_id = ?','CpoClassBean - deleteQueryGroups','dberry');
insert into cpo_query_text (text_id, sql_text, description, userid) values ('6485939d-0a0b-1454-1204-61363199359d','delete from __CPO_TABLE_PREFIX__cpo_attribute_map where class_id = ?','CpoClassBean - deleteAtributes','dberry');
insert into cpo_query_text (text_id, sql_text, description, userid) values ('0cb3def4-0a0e-1e64-0c4c-7e10d1c04a54','delete from __CPO_TABLE_PREFIX__cpo_class where class_id = ?','CpoClassBean - deleteClass','dberry');
insert into cpo_query_text (text_id, sql_text, description, userid) values ('0cb39b94-0a0e-1e64-0c4c-7e10a6b6e0d3','insert into __CPO_TABLE_PREFIX__cpo_class (CLASS_ID, CREATEDATE, NAME, USERID) values (?,?,?,?)','CpoClassBean - insertClass','dberry');
insert into cpo_query_text (text_id, sql_text, description, userid) values ('190341cb-c0a8-0107-72a5-ce92b9f58d6f','select * from __CPO_TABLE_PREFIX__cpo_class order by name','CpoClassBean - retrieveAllClasses','dberry');
insert into cpo_query_text (text_id, sql_text, description, userid) values ('0cb4af01-0a0e-1e64-0c4c-7e10c4bd684d','select * from __CPO_TABLE_PREFIX__cpo_class where class_id = ?','CpoClassBean - retrieveClass','dberry');
insert into cpo_query_text (text_id, sql_text, description, userid) values ('31e1af56-0a0e-1e64-55a5-17bdf9b835e9','select * from __CPO_TABLE_PREFIX__cpo_class where name = ?','CpoClassBean - retrieveClassByName','dberry');
insert into cpo_query_text (text_id, sql_text, description, userid) values ('0cb45d4b-0a0e-1e64-0c4c-7e10160d6565','update __CPO_TABLE_PREFIX__cpo_class set NAME = ? where CLASS_ID = ?','CpoClassBean - updateClass','dberry');
insert into cpo_class (class_id, name, userid) values ('0c8c580c-0a0e-1e64-0c4c-7e105aedd962','org.synchronoss.cpo.meta.cpo.CpoClassBean','dberry');
insert into cpo_attribute_map (attribute_id, class_id, column_name, attribute, column_type, db_column, db_table,transform_class, userid) values ('0c8c5810-0a0e-1e64-0c4c-7e10e93ad9ed','0c8c580c-0a0e-1e64-0c4c-7e105aedd962','CLASS_ID','classId','VARCHAR',null,null,null,'dberry');
insert into cpo_attribute_map (attribute_id, class_id, column_name, attribute, column_type, db_column, db_table,transform_class, userid) values ('0c8c5812-0a0e-1e64-0c4c-7e1099c85ace','0c8c580c-0a0e-1e64-0c4c-7e105aedd962','CREATEDATE','createdate','DATE',null,null,'org.synchronoss.cpo.transform.jdbc.TransformTimestampToCalendar','dberry');
insert into cpo_attribute_map (attribute_id, class_id, column_name, attribute, column_type, db_column, db_table,transform_class, userid) values ('0c8c5811-0a0e-1e64-0c4c-7e1074a29175','0c8c580c-0a0e-1e64-0c4c-7e105aedd962','NAME','name','VARCHAR',null,null,null,'dberry');
insert into cpo_attribute_map (attribute_id, class_id, column_name, attribute, column_type, db_column, db_table,transform_class, userid) values ('0c8c5812-0a0e-1e64-0c4c-7e10e2db15d6','0c8c580c-0a0e-1e64-0c4c-7e105aedd962','USERID','userid','VARCHAR',null,null,null,'dberry');
insert into cpo_query_group (group_id, class_id, group_type, name, userid) values ('0ccb76e9-0a0e-1e64-0c4c-7e1091619d66','0c8c580c-0a0e-1e64-0c4c-7e105aedd962','DELETE','deleteClass','dberry');
insert into cpo_query (query_id, group_id, text_id, seq_no, userid) values ('0ccb76ea-0a0e-1e64-0c4c-7e106887d9c0','0ccb76e9-0a0e-1e64-0c4c-7e1091619d66','64856174-0a0b-1454-1204-6136326526a8','0','dberry');
insert into cpo_query_parameter (attribute_id, query_id, seq_no, param_type, userid) values ('0c8c5810-0a0e-1e64-0c4c-7e10e93ad9ed','0ccb76ea-0a0e-1e64-0c4c-7e106887d9c0','1','IN','dberry');
insert into cpo_query (query_id, group_id, text_id, seq_no, userid) values ('6485bc57-0a0b-1454-1204-61367738f311','0ccb76e9-0a0e-1e64-0c4c-7e1091619d66','6484db8c-0a0b-1454-1204-61366a712f55','1','dberry');
insert into cpo_query_parameter (attribute_id, query_id, seq_no, param_type, userid) values ('0c8c5810-0a0e-1e64-0c4c-7e10e93ad9ed','6485bc57-0a0b-1454-1204-61367738f311','1','IN','dberry');
insert into cpo_query (query_id, group_id, text_id, seq_no, userid) values ('6485d07a-0a0b-1454-1204-6136bd588f22','0ccb76e9-0a0e-1e64-0c4c-7e1091619d66','6484ac66-0a0b-1454-1204-6136dd92a93d','2','dberry');
insert into cpo_query_parameter (attribute_id, query_id, seq_no, param_type, userid) values ('0c8c5810-0a0e-1e64-0c4c-7e10e93ad9ed','6485d07a-0a0b-1454-1204-6136bd588f22','1','IN','dberry');
insert into cpo_query (query_id, group_id, text_id, seq_no, userid) values ('6485efb5-0a0b-1454-1204-6136c74fb247','0ccb76e9-0a0e-1e64-0c4c-7e1091619d66','6485939d-0a0b-1454-1204-61363199359d','3','dberry');
insert into cpo_query_parameter (attribute_id, query_id, seq_no, param_type, userid) values ('0c8c5810-0a0e-1e64-0c4c-7e10e93ad9ed','6485efb5-0a0b-1454-1204-6136c74fb247','1','IN','dberry');
insert into cpo_query (query_id, group_id, text_id, seq_no, userid) values ('6486063e-0a0b-1454-1204-613600eba136','0ccb76e9-0a0e-1e64-0c4c-7e1091619d66','0cb3def4-0a0e-1e64-0c4c-7e10d1c04a54','4','dberry');
insert into cpo_query_parameter (attribute_id, query_id, seq_no, param_type, userid) values ('0c8c5810-0a0e-1e64-0c4c-7e10e93ad9ed','6486063e-0a0b-1454-1204-613600eba136','1','IN','dberry');
insert into cpo_query_group (group_id, class_id, group_type, name, userid) values ('0ccae75d-0a0e-1e64-0c4c-7e1068c89fb6','0c8c580c-0a0e-1e64-0c4c-7e105aedd962','CREATE','insertClass','dberry');
insert into cpo_query (query_id, group_id, text_id, seq_no, userid) values ('0ccae75e-0a0e-1e64-0c4c-7e100d83c83a','0ccae75d-0a0e-1e64-0c4c-7e1068c89fb6','0cb39b94-0a0e-1e64-0c4c-7e10a6b6e0d3','0','dberry');
insert into cpo_query_parameter (attribute_id, query_id, seq_no, param_type, userid) values ('0c8c5810-0a0e-1e64-0c4c-7e10e93ad9ed','0ccae75e-0a0e-1e64-0c4c-7e100d83c83a','1','IN','dberry');
insert into cpo_query_parameter (attribute_id, query_id, seq_no, param_type, userid) values ('0c8c5812-0a0e-1e64-0c4c-7e1099c85ace','0ccae75e-0a0e-1e64-0c4c-7e100d83c83a','2','IN','dberry');
insert into cpo_query_parameter (attribute_id, query_id, seq_no, param_type, userid) values ('0c8c5811-0a0e-1e64-0c4c-7e1074a29175','0ccae75e-0a0e-1e64-0c4c-7e100d83c83a','3','IN','dberry');
insert into cpo_query_parameter (attribute_id, query_id, seq_no, param_type, userid) values ('0c8c5812-0a0e-1e64-0c4c-7e10e2db15d6','0ccae75e-0a0e-1e64-0c4c-7e100d83c83a','4','IN','dberry');
insert into cpo_query_group (group_id, class_id, group_type, name, userid) values ('19037a4d-c0a8-0107-72a5-ce924a3801ed','0c8c580c-0a0e-1e64-0c4c-7e105aedd962','LIST','retrieveAllClasses','dberry');
insert into cpo_query (query_id, group_id, text_id, seq_no, userid) values ('19037a4e-c0a8-0107-72a5-ce92e2e138be','19037a4d-c0a8-0107-72a5-ce924a3801ed','190341cb-c0a8-0107-72a5-ce92b9f58d6f','0','dberry');
insert into cpo_query_group (group_id, class_id, group_type, name, userid) values ('0ccbf5d6-0a0e-1e64-0c4c-7e103ace0466','0c8c580c-0a0e-1e64-0c4c-7e105aedd962','RETRIEVE','retrieveClass','dberry');
insert into cpo_query (query_id, group_id, text_id, seq_no, userid) values ('0ccbf5d7-0a0e-1e64-0c4c-7e10f63b7c3f','0ccbf5d6-0a0e-1e64-0c4c-7e103ace0466','0cb4af01-0a0e-1e64-0c4c-7e10c4bd684d','0','dberry');
insert into cpo_query_parameter (attribute_id, query_id, seq_no, param_type, userid) values ('0c8c5810-0a0e-1e64-0c4c-7e10e93ad9ed','0ccbf5d7-0a0e-1e64-0c4c-7e10f63b7c3f','1','IN','dberry');
insert into cpo_query_group (group_id, class_id, group_type, name, userid) values ('31e1cd72-0a0e-1e64-55a5-17bd1a619d33','0c8c580c-0a0e-1e64-0c4c-7e105aedd962','RETRIEVE','retrieveClassByName','dberry');
insert into cpo_query (query_id, group_id, text_id, seq_no, userid) values ('31e1cd74-0a0e-1e64-55a5-17bd30485418','31e1cd72-0a0e-1e64-55a5-17bd1a619d33','31e1af56-0a0e-1e64-55a5-17bdf9b835e9','0','dberry');
insert into cpo_query_parameter (attribute_id, query_id, seq_no, param_type, userid) values ('0c8c5811-0a0e-1e64-0c4c-7e1074a29175','31e1cd74-0a0e-1e64-55a5-17bd30485418','1','IN','dberry');
insert into cpo_query_group (group_id, class_id, group_type, name, userid) values ('0ccb29f5-0a0e-1e64-0c4c-7e10c9144196','0c8c580c-0a0e-1e64-0c4c-7e105aedd962','UPDATE','updateClass','dberry');
insert into cpo_query (query_id, group_id, text_id, seq_no, userid) values ('0ccb29f6-0a0e-1e64-0c4c-7e1035812928','0ccb29f5-0a0e-1e64-0c4c-7e10c9144196','0cb45d4b-0a0e-1e64-0c4c-7e10160d6565','0','dberry');
insert into cpo_query_parameter (attribute_id, query_id, seq_no, param_type, userid) values ('0c8c5811-0a0e-1e64-0c4c-7e1074a29175','0ccb29f6-0a0e-1e64-0c4c-7e1035812928','1','IN','dberry');
insert into cpo_query_parameter (attribute_id, query_id, seq_no, param_type, userid) values ('0c8c5810-0a0e-1e64-0c4c-7e10e93ad9ed','0ccb29f6-0a0e-1e64-0c4c-7e1035812928','2','IN','dberry');
