delete from CPO_QUERY_PARAMETER  where query_id in (select distinct query_id from CPO_QUERY where group_id in (select distinct group_id from CPO_QUERY_GROUP where class_id=(select class_id from CPO_CLASS where name='org.synchronoss.cpo.meta.bean.CpoFunctionGroupBean')));
delete from CPO_QUERY where group_id in (select distinct group_id from CPO_QUERY_GROUP where class_id=(select class_id from CPO_CLASS where name='org.synchronoss.cpo.meta.bean.CpoFunctionGroupBean'));
delete from cpo_query_text where text_id = '64c88148-0a0b-1454-1204-6136334fb4e2';
delete from cpo_query_text where text_id = '64c813e2-0a0b-1454-1204-6136b16f9e9e';
delete from cpo_query_text where text_id = '0cb7ebd3-0a0e-1e64-0c4c-7e10cfc8bbac';
delete from cpo_query_text where text_id = '0d3022a4-0a0e-1e64-0c4c-7e10b8cf7106';
delete from cpo_query_text where text_id = '0cb7c308-0a0e-1e64-0c4c-7e105da804c3';
delete from cpo_query_text where text_id = '0cb852b6-0a0e-1e64-0c4c-7e105b5e34d9';
delete from cpo_query_text where text_id = '2b5f0f62-0a06-083b-3e19-d688d32afb52';
delete from cpo_query_text where text_id = '0d3b8d13-0a0e-1e64-0c4c-7e10fc876028';
delete from cpo_query_text where text_id = '0cb8195f-0a0e-1e64-0c4c-7e10487af17e';
delete from CPO_QUERY_GROUP where class_id=(select class_id from CPO_CLASS where name='org.synchronoss.cpo.meta.bean.CpoFunctionGroupBean');
delete from CPO_ATTRIBUTE_MAP where class_id=(select class_id from CPO_CLASS where name='org.synchronoss.cpo.meta.bean.CpoFunctionGroupBean');
delete from CPO_CLASS where name='org.synchronoss.cpo.meta.bean.CpoFunctionGroupBean';
insert into cpo_query_text (text_id, sql_text, description, userid) values ('64c88148-0a0b-1454-1204-6136334fb4e2','delete from __CPO_TABLE_PREFIX__cpo_query_parameter where query_id in 
(select query_id from  __CPO_TABLE_PREFIX__cpo_query where group_id = ?)','CpoQueryGroupBean - deleteQueryParameters','dberry');
insert into cpo_query_text (text_id, sql_text, description, userid) values ('64c813e2-0a0b-1454-1204-6136b16f9e9e','delete from __CPO_TABLE_PREFIX__cpo_query where group_id = ?','CpoQueryGroupBean - deleteQueries','dberry');
insert into cpo_query_text (text_id, sql_text, description, userid) values ('0cb7ebd3-0a0e-1e64-0c4c-7e10cfc8bbac','delete from __CPO_TABLE_PREFIX__cpo_query_group where group_id = ?','CpoQueryGroupBean - deleteQueryGroup','dberry');
insert into cpo_query_text (text_id, sql_text, description, userid) values ('0d3022a4-0a0e-1e64-0c4c-7e10b8cf7106','delete from __CPO_TABLE_PREFIX__cpo_query_group where class_id = ?','CpoQueryGroupBean -  deleteQueryGroupsForClass','dberry');
insert into cpo_query_text (text_id, sql_text, description, userid) values ('0cb7c308-0a0e-1e64-0c4c-7e105da804c3','insert into __CPO_TABLE_PREFIX__cpo_query_group (CLASS_ID, CREATEDATE, GROUP_ID, GROUP_TYPE, NAME, USERID) values (?,?,?,?,?,?)','CpoQueryGroupBean - insertQueryGroup','dberry');
insert into cpo_query_text (text_id, sql_text, description, userid) values ('0cb852b6-0a0e-1e64-0c4c-7e105b5e34d9','select * from __CPO_TABLE_PREFIX__cpo_query_group where group_id = ?','CpoQueryGroupBean - retrieveQueryGroup','dberry');
insert into cpo_query_text (text_id, sql_text, description, userid) values ('2b5f0f62-0a06-083b-3e19-d688d32afb52','select group_id, class_id, group_type, name, userid, createdate from __CPO_TABLE_PREFIX__cpo_query_group where group_id in (select group_id from __CPO_TABLE_PREFIX__cpo_query where text_id = ?) order by name, group_type, group_id','retrieveQueryGroupsByText','michael');
insert into cpo_query_text (text_id, sql_text, description, userid) values ('0d3b8d13-0a0e-1e64-0c4c-7e10fc876028','select * from __CPO_TABLE_PREFIX__cpo_query_group where class_id = ? order by name','CpoQueryGroupBean - retrieveQueryGroupsForClass','dberry');
insert into cpo_query_text (text_id, sql_text, description, userid) values ('0cb8195f-0a0e-1e64-0c4c-7e10487af17e','update __CPO_TABLE_PREFIX__cpo_query_group set GROUP_TYPE = ?, NAME = ? where GROUP_ID = ?','CpoQueryGroupBean - updateQueryGroup','dberry');
insert into cpo_class (class_id, name, userid) values ('0c9080e5-0a0e-1e64-0c4c-7e10f44c80a0','org.synchronoss.cpo.meta.bean.CpoFunctionGroupBean','dberry');
insert into cpo_attribute_map (attribute_id, class_id, column_name, attribute, column_type, db_column, db_table,transform_class, userid) values ('0c9080e6-0a0e-1e64-0c4c-7e108e60d248','0c9080e5-0a0e-1e64-0c4c-7e10f44c80a0','CLASS_ID','classId','VARCHAR',null,null,'','dberry');
insert into cpo_attribute_map (attribute_id, class_id, column_name, attribute, column_type, db_column, db_table,transform_class, userid) values ('0c9080e7-0a0e-1e64-0c4c-7e1073930e76','0c9080e5-0a0e-1e64-0c4c-7e10f44c80a0','CREATEDATE','createdate','DATE',null,null,'org.synchronoss.cpo.transform.jdbc.TransformTimestampToCalendar','dberry');
insert into cpo_attribute_map (attribute_id, class_id, column_name, attribute, column_type, db_column, db_table,transform_class, userid) values ('0c9080e6-0a0e-1e64-0c4c-7e1086d19cff','0c9080e5-0a0e-1e64-0c4c-7e10f44c80a0','GROUP_ID','groupId','VARCHAR',null,null,null,'dberry');
insert into cpo_attribute_map (attribute_id, class_id, column_name, attribute, column_type, db_column, db_table,transform_class, userid) values ('0c9080e7-0a0e-1e64-0c4c-7e1060ee83f0','0c9080e5-0a0e-1e64-0c4c-7e10f44c80a0','GROUP_TYPE','groupType','VARCHAR',null,null,null,'dberry');
insert into cpo_attribute_map (attribute_id, class_id, column_name, attribute, column_type, db_column, db_table,transform_class, userid) values ('0c9080e7-0a0e-1e64-0c4c-7e10bb10758e','0c9080e5-0a0e-1e64-0c4c-7e10f44c80a0','NAME','name','VARCHAR',null,null,null,'dberry');
insert into cpo_attribute_map (attribute_id, class_id, column_name, attribute, column_type, db_column, db_table,transform_class, userid) values ('0c9080e7-0a0e-1e64-0c4c-7e106857652d','0c9080e5-0a0e-1e64-0c4c-7e10f44c80a0','USERID','userid','VARCHAR',null,null,null,'dberry');
insert into cpo_query_group (group_id, class_id, group_type, name, userid) values ('0d318935-0a0e-1e64-0c4c-7e107ad2891d','0c9080e5-0a0e-1e64-0c4c-7e10f44c80a0','DELETE','deleteQueryGroup','dberry');
insert into cpo_query (query_id, group_id, text_id, seq_no, userid) values ('0d318935-0a0e-1e64-0c4c-7e1067fc3b8a','0d318935-0a0e-1e64-0c4c-7e107ad2891d','64c88148-0a0b-1454-1204-6136334fb4e2','0','dberry');
insert into cpo_query_parameter (attribute_id, query_id, seq_no, param_type, userid) values ('0c9080e6-0a0e-1e64-0c4c-7e1086d19cff','0d318935-0a0e-1e64-0c4c-7e1067fc3b8a','1','IN','dberry');
insert into cpo_query (query_id, group_id, text_id, seq_no, userid) values ('64c8b04e-0a0b-1454-1204-613674f06ed8','0d318935-0a0e-1e64-0c4c-7e107ad2891d','64c813e2-0a0b-1454-1204-6136b16f9e9e','1','dberry');
insert into cpo_query_parameter (attribute_id, query_id, seq_no, param_type, userid) values ('0c9080e6-0a0e-1e64-0c4c-7e1086d19cff','64c8b04e-0a0b-1454-1204-613674f06ed8','1','IN','dberry');
insert into cpo_query (query_id, group_id, text_id, seq_no, userid) values ('64c8c2d9-0a0b-1454-1204-6136803900ab','0d318935-0a0e-1e64-0c4c-7e107ad2891d','0cb7ebd3-0a0e-1e64-0c4c-7e10cfc8bbac','2','dberry');
insert into cpo_query_parameter (attribute_id, query_id, seq_no, param_type, userid) values ('0c9080e6-0a0e-1e64-0c4c-7e1086d19cff','64c8c2d9-0a0b-1454-1204-6136803900ab','1','IN','dberry');
insert into cpo_query_group (group_id, class_id, group_type, name, userid) values ('0d32358d-0a0e-1e64-0c4c-7e10128c7459','0c9080e5-0a0e-1e64-0c4c-7e10f44c80a0','DELETE','deleteQueryGroupsForClass','dberry');
insert into cpo_query (query_id, group_id, text_id, seq_no, userid) values ('0d32358e-0a0e-1e64-0c4c-7e105567a0ae','0d32358d-0a0e-1e64-0c4c-7e10128c7459','0d3022a4-0a0e-1e64-0c4c-7e10b8cf7106','0','dberry');
insert into cpo_query_parameter (attribute_id, query_id, seq_no, param_type, userid) values ('0c9080e6-0a0e-1e64-0c4c-7e108e60d248','0d32358e-0a0e-1e64-0c4c-7e105567a0ae','1','IN','dberry');
insert into cpo_query_group (group_id, class_id, group_type, name, userid) values ('0d312f06-0a0e-1e64-0c4c-7e10d86295b2','0c9080e5-0a0e-1e64-0c4c-7e10f44c80a0','CREATE','insertQueryGroup','dberry');
insert into cpo_query (query_id, group_id, text_id, seq_no, userid) values ('0d312f08-0a0e-1e64-0c4c-7e10d590e8ec','0d312f06-0a0e-1e64-0c4c-7e10d86295b2','0cb7c308-0a0e-1e64-0c4c-7e105da804c3','0','dberry');
insert into cpo_query_parameter (attribute_id, query_id, seq_no, param_type, userid) values ('0c9080e6-0a0e-1e64-0c4c-7e108e60d248','0d312f08-0a0e-1e64-0c4c-7e10d590e8ec','1','IN','dberry');
insert into cpo_query_parameter (attribute_id, query_id, seq_no, param_type, userid) values ('0c9080e7-0a0e-1e64-0c4c-7e1073930e76','0d312f08-0a0e-1e64-0c4c-7e10d590e8ec','2','IN','dberry');
insert into cpo_query_parameter (attribute_id, query_id, seq_no, param_type, userid) values ('0c9080e6-0a0e-1e64-0c4c-7e1086d19cff','0d312f08-0a0e-1e64-0c4c-7e10d590e8ec','3','IN','dberry');
insert into cpo_query_parameter (attribute_id, query_id, seq_no, param_type, userid) values ('0c9080e7-0a0e-1e64-0c4c-7e1060ee83f0','0d312f08-0a0e-1e64-0c4c-7e10d590e8ec','4','IN','dberry');
insert into cpo_query_parameter (attribute_id, query_id, seq_no, param_type, userid) values ('0c9080e7-0a0e-1e64-0c4c-7e10bb10758e','0d312f08-0a0e-1e64-0c4c-7e10d590e8ec','5','IN','dberry');
insert into cpo_query_parameter (attribute_id, query_id, seq_no, param_type, userid) values ('0c9080e7-0a0e-1e64-0c4c-7e106857652d','0d312f08-0a0e-1e64-0c4c-7e10d590e8ec','6','IN','dberry');
insert into cpo_query_group (group_id, class_id, group_type, name, userid) values ('0d368589-0a0e-1e64-0c4c-7e10345d51e4','0c9080e5-0a0e-1e64-0c4c-7e10f44c80a0','RETRIEVE','retrieveQueryGroup','dberry');
insert into cpo_query (query_id, group_id, text_id, seq_no, userid) values ('0d368589-0a0e-1e64-0c4c-7e107968649a','0d368589-0a0e-1e64-0c4c-7e10345d51e4','0cb852b6-0a0e-1e64-0c4c-7e105b5e34d9','0','dberry');
insert into cpo_query_parameter (attribute_id, query_id, seq_no, param_type, userid) values ('0c9080e6-0a0e-1e64-0c4c-7e1086d19cff','0d368589-0a0e-1e64-0c4c-7e107968649a','1','IN','dberry');
insert into cpo_query_group (group_id, class_id, group_type, name, userid) values ('2b5ef3fc-0a06-083b-3e19-d68848e86792','0c9080e5-0a0e-1e64-0c4c-7e10f44c80a0','LIST','retrieveQueryGroupsByText','michael');
insert into cpo_query (query_id, group_id, text_id, seq_no, userid) values ('2b5ef3fd-0a06-083b-3e19-d688ca2770ef','2b5ef3fc-0a06-083b-3e19-d68848e86792','2b5f0f62-0a06-083b-3e19-d688d32afb52','0','michael');
insert into cpo_query_parameter (attribute_id, query_id, seq_no, param_type, userid) values ('0c9080e7-0a0e-1e64-0c4c-7e10bb10758e','2b5ef3fd-0a06-083b-3e19-d688ca2770ef','1','IN','michael');
insert into cpo_query_group (group_id, class_id, group_type, name, userid) values ('0d36fb99-0a0e-1e64-0c4c-7e10769cee1e','0c9080e5-0a0e-1e64-0c4c-7e10f44c80a0','LIST','retrieveQueryGroupsForClass','dberry');
insert into cpo_query (query_id, group_id, text_id, seq_no, userid) values ('0d36fb9a-0a0e-1e64-0c4c-7e10fe89a24a','0d36fb99-0a0e-1e64-0c4c-7e10769cee1e','0d3b8d13-0a0e-1e64-0c4c-7e10fc876028','0','dberry');
insert into cpo_query_parameter (attribute_id, query_id, seq_no, param_type, userid) values ('0c9080e6-0a0e-1e64-0c4c-7e108e60d248','0d36fb9a-0a0e-1e64-0c4c-7e10fe89a24a','1','IN','dberry');
insert into cpo_query_group (group_id, class_id, group_type, name, userid) values ('0d356ab4-0a0e-1e64-0c4c-7e1071572dcd','0c9080e5-0a0e-1e64-0c4c-7e10f44c80a0','UPDATE','updateQueryGroup','dberry');
insert into cpo_query (query_id, group_id, text_id, seq_no, userid) values ('0d356ab5-0a0e-1e64-0c4c-7e10809afc45','0d356ab4-0a0e-1e64-0c4c-7e1071572dcd','0cb8195f-0a0e-1e64-0c4c-7e10487af17e','0','dberry');
insert into cpo_query_parameter (attribute_id, query_id, seq_no, param_type, userid) values ('0c9080e7-0a0e-1e64-0c4c-7e1060ee83f0','0d356ab5-0a0e-1e64-0c4c-7e10809afc45','1','IN','dberry');
insert into cpo_query_parameter (attribute_id, query_id, seq_no, param_type, userid) values ('0c9080e7-0a0e-1e64-0c4c-7e10bb10758e','0d356ab5-0a0e-1e64-0c4c-7e10809afc45','2','IN','dberry');
insert into cpo_query_parameter (attribute_id, query_id, seq_no, param_type, userid) values ('0c9080e6-0a0e-1e64-0c4c-7e1086d19cff','0d356ab5-0a0e-1e64-0c4c-7e10809afc45','3','IN','dberry');
